Name,State,Ex max (nm),Em max (nm),Stokes Shift (nm),Extinction Coefficient,Quantum Yield,Brightness,pKa,Oligomerization,Maturation (min),Lifetime (ns),Molecular Weight (kDa),Year,Switch Type,Aliases
10B,,513,525,12,30800,,,,,,,26.87,1996,,
11,,502,512,10,33000,,,,,,,26.93,1996,b,
22G,,,,,,,,,t,,,25.46,2004,,
(3-F)Tyr-EGFP,,484,514,30,,,,,,,,25.62,2004,b,
5B,,512,524,12,19400,,,,,,,26.94,1996,,9B
6C,,,,,,,,,,,,26.96,1996,,
A1a,,,,,,,,,,,,26.1,2007,,
A44-KR,,397,520,123,,,,,,,,26.38,2012,b,A44-KillerRed
aacuCP,,580,,,109000,,,,t,,,24.98,2008,,
aacuGFP1,,478,502,24,36900,0.61,22.51,,t,,,25.7,2008,b,
aacuGFP2,,502,513,11,93900,0.71,66.67,,t,,,26.09,2008,b,
AausFP1,AausFP1,504,510,6,170000,0.97,164.9,4.4,d,,,25.72,2019,b,
AausFP2,,609,,,52000,,,6,,,,25.56,2019,b,
AausFP3,,587,,,59000,,,6.5,,,,25.52,2019,b,
AausFP4,On,477,513,36,69000,,,,d,,,25.61,2019,ps,
AausGFP,,398,503,105,29000,0.73,21.17,4.8,d,,,27.45,2019,b,
acanFP,,,,,,,,,,,,,2009,,
aceGFP,,480,505,25,50000,0.55,27.5,,m,,,26.77,2010,b,
aceGFP-G222E-Y220L,,396,508,112,,,,,m,,,26.8,2010,b,
aceGFP-h,,390,505,115,,,,,,,,26.64,2003,b,
AcGFP1,,475,505,30,50000,0.55,27.5,,wd,,,26.87,,b,
Achilles,,513,525,12,110000,0.64,70.4,5.5,,,,26.77,2020,b,
AdRed,,567,612,45,,,,4,t,,,26.06,2018,b,
AdRed-C148S,,560,599,39,,,,,,,,26.05,2018,b,
aeBlue,,597,,,,,,,t,24,,25.91,2005,b,aeCP597
aeurGFP,,504,515,11,145700,0.67,97.62,,t,,,26.02,2008,b,
afraGFP,,494,503,9,100800,0.61,61.49,,t,,,25.69,2008,b,
ahyaCP,,580,,,132000,,,,t,,,24.96,2008,,
alajGFP1,,509,517,8,,,,,t,,,25,2004,b,
alajGFP2,,509,517,8,,,,,t,,,24.67,2004,b,
alajGFP3,,494,504,10,,,,,t,,,25.15,2004,b,
&alpha;GFP,,397,506,109,30000,0.79,23.7,,d,,,26.8,1996,b,"cycle 3, alphaGFP, GFPuv"
amCyan1,,453,486,33,,,,,t,,,25.27,,b,amCyan
amFP486,,458,486,28,40000,0.24,9.6,,t,,,25.32,1999,b,"amajGFP, amajCFP, amajLime"
amFP495,,467,495,28,,0.08,,,t,,,25.32,2005,b,
amFP506,,483,506,23,,0.67,,,t,,,25.32,2005,b,amFP486-E150Q
amFP515,,500,515,15,,0.006,,,t,,,25.28,2005,b,amFP486-H199T
amilCP,,588,,,87600,,,,t,54,,24.99,2008,,
amilCP580,,580,,,,,,,,,,25.01,2013,,
amilCP586,,586,,,,,,,,,,24.99,2013,,
amilCP604,,604,,,,,,,,,,25.02,2013,,
amilCP-Orange,,,,,,,,,,,,24.91,2018,b,
amilCP-Pink,,,,,,,,,,,,24.93,2018,b,
amilFP484,,420,484,64,,,,,t,,,26.08,2008,b,
amilFP490,,424,490,66,29500,0.9,26.55,,,,,25.95,2007,b,amilCFP
amilFP497,,477,497,20,,,,,t,,,25.9,2008,b,
amilFP504,,488,504,16,,,,,,,,25.56,2007,b,
amilFP512,,500,512,12,,,,,t,,,25.93,2008,b,
amilFP513,,504,513,9,75200,0.67,50.38,,t,,,25.98,2007,b,amilGFP
amilFP593,,562,593,31,90900,0.49,44.54,,t,,,26.15,2007,b,amilRFP
amilFP597,,558,597,39,,,,,t,,,26.09,2008,b,
amilGFP,,503,512,9,75200,0.67,50.38,,,,,25.99,2008,b,
anm1GFP1,,475,495,20,75000,0.65,48.75,,d,,,29.23,2004,b,
anm1GFP2,,490,504,14,,,,,d,,,25.02,2004,b,
anm2CP,,572,597,25,120000,0.001,0.12,,m,,,25.89,2004,b,
anobCFP1,,462,490,28,27600,0.86,23.74,,t,,,25.9,2008,b,
anobCFP2,,477,495,18,67200,0.49,32.93,,t,,,25.69,2008,b,
anobGFP,,502,511,9,96200,0.6,57.72,,t,,,25.88,2008,b,
apolCP584,,584,,,103000,,,,,,,,2013,b,
apulCP584,,584,,,,,,,t,,,24.97,2008,,
apulFP483,,420,483,63,,,,,t,,,25.92,2008,b,
AQ14,,595,663,68,,,,,,,,25.76,2005,b,
AQ143,,595,655,60,90000,0.04,3.6,,t,,,25.79,2005,b,
Aquamarine,,430,474,44,26000,0.89,23.14,3.3,m,,4.1,26.81,2013,b,
asCP562,,562,595,33,,,,,t,,,25.96,2000,b,asulCP562
asFP499,,480,499,19,,,,,d,,,25.37,2000,b,asulGFP
AsRed2,,576,592,16,56200,0.05,2.81,,t,,,25.7,2005,b,
asulCP,,572,595,23,120000,0.001,0.12,,,,,25.92,2000,b,"asCP, asCP595, asFP595, asPink, FP595"
atenFP,,504,515,11,,,,,,,,24.64,2002,b,
avalCP580,,580,,,183000,,,,,,,,2013,b,
avGFP,,395,509,114,25000,0.79,19.75,4.5,d,,,26.89,1992,mp,"wtGFP, GFP, gfp10, Green Fluorescent Protein"
avGFP454,,410,454,44,,,,,,,,26.9,2005,b,
avGFP480,,456,480,24,,,,,,,,26.73,2004,b,
avGFP509,,487,509,22,,,,,,,,,2004,b,
avGFP510,,488,510,22,,,,,,,,,2004,b,
avGFP514,,484,514,30,,,,,,,,,2004,b,
avGFP523,,512,523,11,,,,6.05,,,,,2001,b,
AvicFP1,,481,503,22,64000,0.63,40.32,4.9,wd,,,26.8,2019,b,
AvicFP2,pre-conversion,480,515,35,59000,0.04,2.36,,,,,25.61,2019,b,
AvicFP3,pre-conversion,480,520,40,,0.001,,,,,,25.54,2019,b,
AvicFP4,,500,512,12,121000,0.1,12.1,,,,,25.5,2019,b,
AzaleaB5,,574,596,22,104000,0.58,60.32,,m,,,26.02,2020,b,
AzamiGreen,,492,505,13,72300,0.67,48.44,5,t,,,25.96,2003,b,AG
AzamiRed1.0,,571,606,35,34100,0.65,22.16,,t,,,25.84,2023,b,
Azurite,,383,447,64,26200,0.55,14.41,5,wd,18,3.65,26.88,2006,b,BFP.B3
BDFP1.6,,642,666,24,100000,0.197,19.7,,d,,,16.64,2018,b,
BDFP1.8,,678,702,24,77027,0.061,4.7,2,d,,,16.58,2019,b,
BDFP2.0,Fret,587,666,79,,,,,d,,,44.34,2019,b,
bfloGFPa1,,500,512,12,120900,1,120.9,3,d,,,24.55,2014,b,
bfloGFPc1,,493,521,28,98800,0.0015,0.15,,d,,,23.65,2014,b,
BFP,,381,445,64,14000,0.38,5.32,,d,,,26.84,1996,b,P4-3
BFP5,,385,450,65,,,,,,,,26.86,1996,b,
BFP.A5,,383,447,64,27400,0.48,13.15,,wd,,3.27,26.78,2006,b,
BFPsol,,,,,,,,,,,,26.71,2006,,
Blue102,Blue form,403,454,51,11400,0.9,10.26,,,,,26.33,2010,t,
Bluebonnet2,,399,454,55,,,,,m,,,26.48,2020,b,
Bovine serum albumin,,,,,,,,,m,,,,2012,b,bsa
BP02,,342,382,40,4494,0.1139,0.51,,m,,0.69,3.49,2020,b,
BR1,BR1,450,495,45,12500,0.45,5.62,,,,,12.87,2019,b,
BrUSLEE,,487,509,22,86000,0.3,25.8,,m,,0.82,26.88,2018,b,
bsDronpa,On,460,504,44,45000,0.5,22.5,,m,,,25.43,2008,ps,
C3PA-GFP,,,,,,,,,,,,26.88,2010,pa,
CagFbFP,,447,497,50,15317,0.36,5.51,,d,,,11.56,2020,b,CaLOV
CAR-GECO1,calcium free,576,629,53,3580,0.17,0.61,8.96,,,,46.81,,b,
CAR-GECO1,calcium saturated,562,609,47,63900,0.26,16.61,5.29,,,,46.81,,b,
ccalGFP1,,504,517,13,78000,0.46,35.88,,t,,,24.78,2008,b,
ccalGFP3,,505,517,12,144000,0.48,69.12,,t,,,24.82,2008,b,
ccalOFP1,,508,561,53,85000,0.52,44.2,,t,,,25.47,2008,b,
ccalRFP1,,568,598,30,92000,0.59,54.28,,t,,,24.85,2008,b,
ccalRFP2,,558,516,-42,61000,0.05,3.05,,,,,,2008,b,
ccalYFP1,,514,523,9,142000,0.75,106.5,,t,,,25,2008,b,
ccGFP E6,,501,520,19,,,,,m,,,24.85,2021,b,
cEGFP,,489,507,18,,,,,,,,27.29,2008,b,
cerFP505,,494,505,11,54000,0.55,29.7,,t,360,,25.38,2008,b,
Cerulean,,433,475,42,43000,0.62,26.66,4.7,wd,,3.3,26.77,2004,b,
CFP,,456,480,24,,,,,d,,,26.91,1994,b,Y66W
CFP4,,,,,,,,,,,,26.83,2005,,
cFP484,,456,484,28,35300,0.48,16.94,,t,,,30.45,1999,b,clavGFP
cfSGFP2,,493,517,24,45000,0.75,33.75,5.4,m,,,26.91,2012,b,
cgfmKate2,,584,628,44,55000,0.47,25.85,4.6,m,,,26.02,2012,b,
CGFP,,463,506,43,23900,0.14,3.35,4,,,,26.89,2000,b,
cgfTagRFP,,555,584,29,86000,0.42,36.12,2.9,m,,,26.07,2012,b,
cgigCP,,571,,,,,,,,,,25.42,2001,,cgCP
cgigGFP,,399,496,97,,,,,,,,,2002,b,
CGP,,503,514,11,,0.55,,,,,,25.84,2007,b,
Channelrhodopsin2,C1,485,1000,515,,,,7.1,,,,77.25,2003,pa,"ChR2, COP4"
CheGFP1,,488,500,12,,,,,,,,25.62,2014,b,
CheGFP2,,488,508,20,,,,,,,,26.62,2014,b,
CheGFP3,,,,,,,,,,,,26.07,2014,,
CheGFP4,,488,500,12,,,,,,,,26.55,2014,b,
ChrimsonR,,,,,,,,,,,,,2014,b,"CnChR1 [K176R], chlamydomonas noctigama"
Chronos,,,,,,,,,,,,,2014,b,"shChR, S. helveticum channelrhodopsin"
Citrine,,516,529,13,77000,0.76,58.52,5.7,wd,,3.6,26.99,2001,b,
Citrine2,,509,522,13,98000,0.7,68.6,5.9,d,,3.3,26.94,2018,b,
cjBlue,,610,620,10,66700,0.0001,0.01,,t,,,26.17,2006,b,
cjBlue2,,603,,,56600,0.0001,0.01,,t,,,26.07,2016,b,
cjFP510,,500,510,10,,,,,,,,25.65,2016,b,
Clomeleon,,485,535,50,,,,,,,,26.95,2013,b,
Clover,,505,515,10,111000,0.76,84.36,6.2,wd,30,3.2,26.79,2012,b,
Clover1.5,,,,,,,,,,,,26.84,2016,,
cpasCP,,571,,,,,,,,,,25.45,2001,,cpCP
cpCitrine,,506,524,18,20000,0.1,2,,,,,27.26,2001,b,
cpEYFP(V68L/Q69K),,506,520,14,,,,,,,,,2001,b,cpEYFP
cp-mKate,,588,620,32,,0.33,,,m,,,26.24,2011,b,Circular Permutated mKate
cpT-Sapphire 174-173,,399,511,112,44000,0.53,23.32,5.2,,,,,2003,b,
CpYGFP,Default,508,518,10,101000,0.53,53.53,,d,,,24.74,2006,b,
CreiLOV,,450,495,45,12500,0.51,6.38,,m,,,12.94,2014,b,
Crimson,Crimson,588,617,29,77000,0.42,32.34,4.2,,14,,27.16,2022,b,
CRISPRed2s,,464,590,126,28700,0.382,10.96,2.23,t,90,,26.57,2021,b,
CU17S,,496,505,9,,,,,d,,,24.64,2022,b,
Cy11.5,,,,,,,,,,,,,2006,b,
CyOFP1,,497,589,92,40000,0.76,30.4,5.5,m,15,3.6,26.42,2016,b,
CyPet,,435,477,42,35000,0.51,17.85,5.02,wd,,,26.87,2005,b,
CyRFP1,CyRFP1,529,588,59,48000,0.76,36.48,,wd,12,,26.42,2016,b,cyan-excitable red fluorescent protein
D10,,433,475,42,44000,0.46,20.24,,,,,26.76,2004,b,
d1EosFP,Green,505,516,11,74800,0.68,50.86,,d,,,25.79,2004,pc,dimer 1 EosFP
d1EosFP,Red,571,581,10,40000,0.62,24.8,,d,,,25.79,2004,pc,dimer 1 EosFP
d2EosFP,Green,506,516,10,84000,0.66,55.44,,d,,,25.82,2004,pc,dimer 2 EosFP
d2EosFP,Red,569,581,12,33000,0.6,19.8,,d,,,25.82,2004,pc,dimer 2 EosFP
DarkVenus,,515,525,10,74400,0.05,3.72,,,,,26.82,2013,b,
dClavGR1.6,,,,,,,,,d,,,27.07,2010,,
dClover2,,,,,,,,,d,,,26.87,2016,,Clover1.5 (G160S)
dClover2 A206K,,,,,,,,,d,,,26.93,2016,,
dCyOFP2s,,510,592,82,36000,0.69,24.84,5.29,d,24,,26.39,2021,b,
dCyRFP2s,,516,592,76,42000,0.58,24.36,5.44,d,75,,26.41,2021,b,
deGFP1,,504,516,12,28700,0.16,4.59,8.02,,,,26.85,2002,b,
deGFP2,,496,517,21,21700,0.34,7.38,7.25,,,,26.85,2002,b,
deGFP3,,508,518,10,26700,0.19,5.07,6.86,,,,26.9,2002,b,
deGFP4,,509,518,9,26900,0.15,4.04,7.37,,,,26.85,2002,b,
dendFP,Green,492,508,16,90000,0.65,58.5,6.5,t,,,25.81,2002,pc,"dendRFP, dendGFP"
dendFP,Red,557,575,18,35000,0.68,23.8,5.2,t,,,25.81,2002,pc,"dendRFP, dendGFP"
Dendra,Green,488,505,17,21000,0.7,14.7,6.6,m,,,25.61,2006,pc,
Dendra,Red,556,575,19,20000,0.72,14.4,6.9,m,,,25.61,2006,pc,
Dendra2,Green,490,507,17,45000,0.5,22.5,6.6,m,,3.3,26.12,2006,pc,
Dendra2,Red,553,573,20,35000,0.55,19.25,6.9,m,,4.4,26.12,2006,pc,
Dendra2-M159A,Green,471,504,33,51100,0.55,28.11,6.5,m,,2.8,26.06,2011,mp,
Dendra2-M159A,Orange,528,562,34,45000,0.75,33.75,6.8,m,,4,26.06,2011,mp,
Dendra2-T69A,Green,502,518,16,42500,0.56,23.8,6,m,,3,26.09,2016,pc,
Dendra2-T69A,Orange,563,578,15,35400,0.64,22.66,7,m,,4.2,26.09,2016,pc,
dfGFP,,505,524,19,,,,3.8,d,,,25.83,2018,b,
dhorGFP,,,,,,,,,,,,26.04,2008,,
dhorRFP,,,,,,,,,,,,24.71,2008,,
dimer1,,551,579,28,,,,,d,,,25.92,2002,b,
dimer2,,552,579,27,69000,0.69,47.61,4.9,d,120,,25.89,2002,b,
DimVenus,,508,525,17,55400,0.03,1.66,,,,,26.86,2013,b,
Diogenes,,579,603,24,90000,0.44,39.6,6.1,m,,2.2,26.08,2025,b,
dis2RFP,,573,593,20,,,,,,,,26.37,2002,b,
dis3GFP,,503,512,9,,,,,,,,26.02,2002,b,
dKeima,,440,616,176,24600,0.31,7.63,6.5,d,,2.78,25.05,2006,b,
dKeima570,,440,570,130,14000,0.15,2.1,,d,,,25.01,2006,b,
dLanYFP,,513,524,11,125000,0.9,112.5,3.9,d,,3.1,26.66,2013,b,
dPapaya0.1,,,,,,,,,d,,,27.61,2013,,
DrCBD,,416,622,206,,,,,m,,,34.74,2009,b,chromophore binding domain
Dreiklang,On,511,529,18,83000,0.41,34.03,7.2,m,120,,26.95,2011,ps,
d-RFP618,,560,618,58,,0.35,,,d,480,,26.16,2008,b,
Dronpa,On,503,518,15,95000,0.85,80.75,,m,40,3.6,25.48,2004,ps,22Gm3
Dronpa-2,On,490,515,25,61732,0.33,20.37,,m,,,25.45,2007,ps,Dronpa-M159T
Dronpa-3,On,490,515,25,58000,0.33,19.14,,m,,,25.43,2007,ps,
Dronpa-C62S,,,,,,,,,m,,,25.46,2007,,
dsFP483,,443,483,40,23900,0.46,10.99,,t,,,26.43,1999,b,dstrCyFP
DspR1,,556,582,26,,,,,,,,27.04,2004,b,
DsRed,,558,583,25,72500,0.68,49.3,,t,1600,,25.93,1999,b,"drFP583, discRFP, RFP, DsRed1"
DsRed2,,561,587,26,52000,0.55,28.6,,t,390,,25.76,2006,b,
DsRed-Express,,554,586,32,30100,0.42,12.64,4.8,t,42,,25.74,2002,b,"DsRed.T1, T1"
DsRed-Express2,,554,591,37,35600,0.42,14.95,,,42,,25.7,2008,b,
DsRed.M1,,558,587,29,27300,0.14,3.82,,m,,1.4,25.43,2007,b,
DsRed-Max,,560,589,29,48000,0.41,19.68,,t,72,,25.74,2008,b,
DsRed-NF,,561,600,39,57000,0.001,0.06,,,,,25.93,2002,b,
DsRed.T3,,560,587,27,49500,0.59,29.2,,t,78,,25.81,2002,b,
DsRed.T4,,555,586,31,30300,0.44,13.33,,t,42.6,,25.78,2002,b,
DsRed-Timer,,,,,,,,,t,,,25.92,2000,,"Timer, DsRed-E5, E5"
DstC1,,436,482,46,,,,,,,,27.03,2004,b,
dTFP0.1,,456,485,29,42000,0.63,26.46,,d,,,27.42,2006,b,TFP
dTFP0.2,,456,486,30,60000,0.68,40.8,,d,,,27.43,2006,b,
dTomato,,554,581,27,69000,0.69,47.61,4.7,d,60,,26.96,2004,b,
dUltramarine2,,587,,,81500,0.0001,0.01,,d,,,24.87,2016,b,
dVFP,,491,503,12,107000,1,107,,d,,,25.55,2010,b,
DyLight549P1,,550,575,25,150,0.091,0.01,,m,,,,2014,b,Dy-549P1
E2-Crimson,,611,646,35,126000,0.23,28.98,4.5,t,24,,25.7,2009,b,
E2-Crimson-NF,,583,,,,,,,,,,25.69,2013,b,
E2-Orange,,540,561,21,36500,0.54,19.71,4.5,t,78,,25.66,2009,b,
E2-Red/Green,,560,585,25,53800,0.67,36.05,4.5,,72,,25.76,2009,b,
EaGFP,,506,514,8,,,,,,,,25.92,2019,b,
EBFP,,380,440,60,31500,0.2,6.3,,wd,,,26.9,1998,b,
EBFP1.2,,379,446,67,41000,0.45,18.45,6.6,m,,,26.86,2007,b,
EBFP1.5,,381,449,68,43000,0.53,22.79,4.8,m,,,26.77,2007,b,
EBFP2,,383,448,65,32000,0.56,17.92,5.3,m,25,3,26.9,2007,b,
ECFP,,434,477,43,32500,0.4,13,4.7,m,,3,26.91,1996,b,W1B
ECFP H148D,,433,475,42,3200,0.68,2.18,,,,,26.88,2004,b,H148D
ECGFP,,463,506,43,23900,0.14,3.35,4,,,,26.97,2000,b,Enhanced Cyan-Green Fluorescent Protein
eCGP123,,495,505,10,59900,0.8,47.92,6,,,,25.85,2009,b,
echFP,,,,,,,,,,,,,2009,,
echiFP,,,,,,,,,,,,25.88,2009,,
eechGFP1,,497,510,13,124200,0.75,93.15,,t,,,26.11,2008,b,
eechGFP2,,506,520,14,109800,0.69,75.76,,t,,,25.5,2008,b,
eechGFP3,,512,524,12,120600,0.45,54.27,,t,,,25.91,2008,b,
eechRFP,,574,582,8,12100,0.43,5.2,,t,,,25.6,2008,b,
efasCFP,,466,490,24,40333,0.77,31.06,,t,,,25.86,2008,b,
efasGFP,,496,507,11,125800,0.8,100.64,,t,,,24.42,2008,b,
eforCP,,589,609,20,111300,0.16,17.81,,t,,,25.66,2008,b,"eforRed, eforRFP"
EGFP,,488,507,19,55900,0.6,33.54,6,wd,25,2.6,26.94,1996,b,"enhanced GFP, GFPmut1"
eGFP203C,,498,509,11,,,,,d,,,26.88,2008,b,
eGFP205C,,489,509,20,,,,,d,,,26.88,2008,b,
Electra1,,402,454,52,69750,0.74,51.62,,m,,3.4,26.45,2022,b,
Electra2,,403,454,51,80900,0.76,61.48,,m,,3.4,26.44,2022,b,
Emerald,,487,509,22,57500,0.68,39.1,,wd,11.2,,26.9,1998,b,
emiRFP670,,642,670,28,87400,0.14,12.24,4.5,m,,1.53,34.19,2020,b,enhanced miRFP670
emiRFP703,,674,703,29,90900,0.086,7.82,4.5,m,,,34.22,2020,b,enhanced miRFP703
Enhanced Cyan-Emitting GFP,,458,485,27,,,,,,,,25.69,2002,b,
EosFP,Green,506,516,10,72000,0.7,50.4,,t,,,25.79,2004,pc,lhemRFP
EosFP,Red,571,581,10,41000,0.55,22.55,,t,,,25.79,2004,pc,lhemRFP
eqFP578,,552,578,26,102000,0.54,55.08,,d,,,26.14,2007,b,
eqFP611,,559,611,52,78000,0.45,35.1,3.84,t,270,2.5,26.05,2002,b,equaRFP
eqFP611 V124T,,559,611,52,74000,0.42,31.08,,d,450,,26.05,2005,b,
eqFP650,,592,650,58,65000,0.24,15.6,5.7,d,,,26.18,2010,b,TurboFP650
eqFP670,,605,670,65,70000,0.06,4.2,4.5,d,,,26.23,2010,b,NirFP
esGFP,,,,,,,,,,,,26.77,2016,b,Extra-superfolder GFP
eUnaG,,,,,,,,,,,,15.59,2017,b,
EYFP,,513,527,14,67000,0.67,44.89,6.9,wd,9,3.1,26.99,1996,b,10C
EYFP-F46L,,,,,,,,,,,,26.96,2002,,
EYFP-Q69K,,514,526,12,72000,0.76,54.72,5.8,wd,,,26.99,1999,b,EYFP-V68L/Q69K
eYGFP,Default,507,516,9,124000,0.58,71.92,3.81,d,,,24.73,2017,b,
eYGFPuv,Default,398,512,114,31200,0.76,23.71,3,d,,,24.69,2017,b,CP_eYGFPuv
eYGPdp,Default,501,513,12,49800,0.69,34.36,7.29,d,,,24.77,2017,b,"CP_eYGFPdp ""dual-peak"""
fabdGFP,,508,520,12,116800,0.54,63.07,,t,,,25.45,2008,b,
FAST,,,,,,,,,m,,,13.71,2015,,Fluorescence- Activating and absorption-Shifting Tag
Fast-FT,,,,,,,,,m,,,26.82,2009,t,
"FAST + HBR 3,5 DM",Complexed,500,560,60,53000,0.38,20.14,,m,,,,2021,b,TFAmber
"FAST + HBR 3,5 DOM",Complexed,519,600,81,44000,0.33,14.52,,m,,,,2021,,TFCoral
FAST + HMBR,Complexed,481,540,59,47000,0.23,10.81,,m,,,,2015,,TFLime
fcFP,,,,,,,,,,,,28.56,2009,,
fcomFP,,,,,,,,,,,,29.66,2009,,
ffDronpa,On,503,517,14,105000,0.75,78.75,5,m,15,,25.45,2014,ps,"Dronpa-V60A, fast-forming Dronpa"
Flamindo2,,504,523,19,,,,,,,,,2014,,
FOLD6,,505,515,10,118200,0.73,86.29,5.9,wd,25,,26.82,2022,b,FOLD6
Folding Reporter GFP,,490,530,40,82400,0.72,59.33,,d,,,26.78,1999,b,
FP586,,559,586,27,,,,,,,,25.79,2013,b,
Fpaagar,,,,,,,,,,,,,2004,,
Fpag_frag,,,,,,,,,,,,30.02,2004,,
Fpcondchrom,,,,,,,,,,,,25.38,2004,b,
FPmann,,,,,,,,,,,,,2004,,
FPmcavgr7.7,,,,,,,,,,,,,2004,,
FPrfl2.3,,506,512,6,,,,,,,,,2004,b,
FR-1,,569,594,25,84900,0.34,28.87,,m,,2.3,25.59,2018,b,
Free Use GFP,,395,503,108,27618,,,,,,,26.97,,b,fuGFP
frFAST,Fluorogen HPAR-3OM,555,670,115,45000,0.21,9.45,,m,,,13.59,2020,b,ar-red Fluores- cence Activating and absorption Shifting Tag
frSkylan-S,,499,513,14,95400,0.8,76.32,,m,,2.93,25.85,2021,ps,
FusionRed,,580,608,28,94500,0.19,17.95,4.6,m,130,1.8,25.58,2012,b,
FusionRed-M,,571,594,23,71100,0.34,24.17,,m,,2.1,25.6,2018,b,FR-M
FusionRed-MQV,,566,585,19,144000,0.53,76.32,4.6,m,195,2.77,25.59,2020,b,FR-MQV
fwYellow,,520,540,20,,,,,d,,,26.39,2018,b,
G1,,487,503,16,26000,0.6,15.6,,m,,,26.9,2008,b,
G2,,487,503,16,39000,0.65,25.35,,m,,,26.9,2008,b,
G3,,498,515,17,49000,0.7,34.3,,m,,,26.87,2008,b,
G3GFP,G3GFP,520,650,130,,,,,,,,26.88,2014,b,GFP in vector pgwb552
Gamillus,On,504,519,15,83000,0.9,74.7,3.4,m,8,,26.55,2018,ps,GFP with acid tolerance and monomeric properties to illuminate soured environments
Gamillus0.1,,505,524,19,20000,0.84,16.8,4,m,,,25.64,2018,b,GFP with acid tolerance and monomeric properties to illuminate soured environments
Gamillus0.2,,505,524,19,55000,0.94,51.7,4,d,,,25.65,2018,b,GFP with acid tolerance and monomeric properties to illuminate soured environments
Gamillus0.3,,505,524,19,51000,0.88,44.88,4,m,,,25.6,2018,b,GFP with acid tolerance and monomeric properties to illuminate soured environments
Gamillus0.4,,505,524,19,75000,0.89,66.75,4,m,,,25.62,2018,b,GFP with acid tolerance and monomeric properties to illuminate soured environments
Gamillus0.5,,,,,,,,,m,,,25.62,2018,,GFP with acid tolerance and monomeric properties to illuminate soured environments
GCaMP2,,487,508,21,,,,,,,,50.39,2006,b,
GCaMP6f,In presence of Ca2+,300,300,,66293,0.66,43.75,,,,,,2013,o,
GCaMP6f,In absence of Ca2+,800,800,,2761,0.57,1.57,,,,,,2013,o,
gdjiCP,,583,,,110300,,,,t,,,24.84,2008,,
GdT,,476,500,24,59000,0.14,8.26,3.8,d,,,27.02,2016,b,dTG
gfasCP,,577,,,205200,,,,t,,,24.95,2008,,gfasPurple
gfasGFP,,492,506,14,102500,0.73,74.83,,t,,,25.99,2008,b,
GFP-151pyTyrCu,,375,510,135,,,,,,,,26.41,2012,b,
GFP(E222G),,481,506,25,,,,,,,,26.81,2000,b,
GFPhal,,,,,,,,,,,,26.73,2005,,
GFPmut2,,485,508,23,53900,0.73,39.35,,wd,5.6,,26.87,1996,b,
GFPmut3,,506,513,7,58191,0.39,22.69,,wd,4.1,,26.84,1996,b,GFPmut3b
GFP (S65T),,490,510,20,55000,0.64,35.2,,d,,,26.9,1995,b,
GFP-Tyr151pyz,,397,508,111,,,,,,,,26.71,2012,b,
GFPxm16,,485,504,19,,0.74,,,m,,,26.98,2006,b,
GFPxm161,,500,510,10,,,,,m,,,27,2006,b,
GFPxm162,,514,525,11,,,,,m,,,27.03,2006,b,
GFPxm163,,512,523,11,,1,,,m,,,27.05,2006,b,
GFPxm18,,472,502,30,,0.96,,,m,,,27,2006,b,
GFPxm181uv,,398,514,116,,,,,m,,,27.02,2006,b,
GFPxm18uv,,400,513,113,,,,,m,,,27.02,2006,b,
GFPxm19,,475,502,27,,0.7,,,m,,,27,2006,b,
GFPxm191uv,,498,510,12,,,,,m,,,27,2006,b,
GFPxm19uv,,393,505,112,,,,,m,,,27.01,2006,b,
GGvT,,476,500,24,91000,0.14,12.74,3.8,td,,,54.79,2016,b,
GRvT,Red excitation,557,583,26,71000,0.97,68.87,2.5,td,,,53.96,2016,b,
GRvT,FRET excitation,477,583,106,89000,0.41,36.49,3.3,td,,,53.96,2016,b,
gtenCP,,580,,,,,,,,,,24.92,2001,,gtCP
GZnP3,GZnP3 (apo state),488,512,24,4000,0.112,0.45,,m,,,,2019,b,
GZnP3,GZnP3 (Zn²⁺-bound),488,512,24,23400,0.462,10.81,,m,,,,2019,b,
h2-3,,506,516,10,130000,0.89,115.7,4.6,d,,,26.5,2020,b,
H9,,399,511,112,20000,0.6,12,,,,,26.96,1994,b,
HcRed,,592,645,53,20000,0.015,0.3,,t,,,25.64,2001,b,
HcRed1-Blue,,408,455,47,,,,,t,,,25.62,2008,b,
HcRed7,,592,645,53,75000,0.08,6,,d,,,25.66,2018,b,
HcRed-Tandem,,590,637,47,160000,0.04,6.4,,td,,,25.91,2002,b,t-HcRed
hcriCP,,578,,,,,,,,,,25.64,2001,,hcCP
hcriGFP,,405,500,95,,,,,,,,25.34,2002,b,
hmGFP,,490,510,20,,,,,,,,25.9,2003,b,
hmKeima8.5,,438,612,174,32000,0.34,10.88,5.3,m,228,,25.06,2015,b,
HriCFP,,450,495,45,,,,,m,,,15.62,2010,b,
HriGFP,,507,527,20,,,,,m,,,15.72,2014,b,
htFuncLib_acid.1,,486,508,22,,0.71,,3.88,,,1.08,28.25,2022,b,
htFuncLib_acid.2,,489,509,20,,0.76,,3.98,,,1.07,28.28,2022,b,
htFuncLib_acid.3,,472,502,30,,0.71,,4.34,,,1.06,28.24,2022,b,
htFuncLib_acid.4,,490,511,21,,0.45,,4.42,,,0.73,28.26,2022,b,
htFuncLib_acid.5,,485,508,23,,0.56,,4.78,,,0.9,28.25,2022,b,
htFuncLib_acid.6,,489,509,20,,0.38,,4.9,,,0.73,28.22,2022,b,
htFuncLib_basic.1,,467,507,40,,,,7.28,,,0.73,28.2,2022,b,
htFuncLib_basic.2,,496,512,16,,0.33,,6.32,,,0.77,28.24,2022,b,
htFuncLib_basic.3,,476,503,27,,0.37,,6.24,,,0.46,28.17,2022,b,
htFuncLib_basic.4,,464,501,37,,0.26,,6.2,,,0.95,28.21,2022,b,
htFuncLib_basic.6,,487,506,19,,0.83,,5.69,,,1.2,28.18,2022,b,
htFuncLib_bleach.1,,483,508,25,,0.54,,5.2,,,0.98,28.27,2022,b,
htFuncLib_bleach.2,,471,504,33,,0.79,,4.74,,,1.27,28.24,2022,b,
htFuncLib_bleach.3,,502,514,12,,0.46,,5.27,,,0.99,28.26,2022,b,
htFuncLib_bleach.4,,480,505,25,,0.4,,5.44,,,0.89,28.27,2022,b,
htFuncLib_bleach.5,,474,510,36,,0.74,,4.87,,,1.07,28.28,2022,b,
htFuncLib_bleach.6,,500,513,13,,0.39,,5.51,,,1.05,28.29,2022,b,
htFuncLib_em-blue-shift.1,,465,502,37,,0.3,,5.74,,,0.84,28.22,2022,b,
htFuncLib_em-blue-shift.2,,469,503,34,,0.64,,5.35,,,0.99,28.29,2022,b,
htFuncLib_fast.1,,465,500,35,,0.19,,5.59,,,0.61,28.18,2022,b,
htFuncLib_fast.2,,483,508,25,,0.3,,5.68,,,0.68,28.3,2022,b,
htFuncLib_fast.3,,470,503,33,,0.19,,5.22,,,0.69,28.18,2022,b,
htFuncLib_fast.4,,477,506,29,,0.3,,5.66,,,0.72,28.17,2022,b,
htFuncLib_mid.10,,489,508,19,,0.45,,5.31,,,0.85,28.26,2022,b,
htFuncLib_mid.11,,488,509,21,,0.4,,5.53,,,0.88,28.24,2022,b,
htFuncLib_mid.12,,470,504,34,,0.72,,,,,1.03,28.26,2022,b,
htFuncLib_mid.13,,480,506,26,,0.37,,4.96,,,0.84,28.23,2022,b,
htFuncLib_mid.2,,476,510,34,,0.45,,4.99,,,1.17,28.27,2022,b,
htFuncLib_mid.3,,501,513,12,,0.43,,,,,1.04,28.24,2022,b,
htFuncLib_mid.4,,498,512,14,,0.51,,,,,1.1,28.22,2022,b,
htFuncLib_mid.5,,501,513,12,,0.4,,5.52,,,1.01,28.3,2022,b,
htFuncLib_mid.6,,501,514,13,,0.38,,5.21,,,0.8,28.33,2022,b,
htFuncLib_mid.7,,491,511,20,,0.58,,5.09,,,1.1,28.32,2022,b,
htFuncLib_mid.8,,484,508,24,,0.37,,5.01,,,0.8,28.25,2022,b,
htFuncLib_mid.9,,493,511,18,,0.46,,5.59,,,1.14,28.3,2022,b,
htFuncLib_photostable.1,,394,505,111,,,,5.23,,,1,28.23,2022,b,
htFuncLib_photostable.2,,507,515,8,,0.22,,4.98,,,0.62,28.21,2022,b,
htFuncLib_sf:acid.3,,474,504,30,,0.64,,4.69,,,0.83,27.95,2022,b,
htFuncLib_sf:acid.4,,490,512,22,,0.4,,4.87,,,0.7,27.97,2022,b,
htFuncLib_sf:acid.5,,487,510,23,,0.47,,5.28,,,0.95,27.96,2022,b,
htFuncLib_sf:bleach.1,,488,510,22,,0.53,,5.46,,,0.92,27.98,2022,b,
htFuncLib_sf:bleach.2,,488,508,20,,0.58,,5.37,,,0.84,27.95,2022,b,
htFuncLib_sf:bleach.3,,493,511,18,,0.44,,5.47,,,0.94,27.97,2022,b,
htFuncLib_sf:em-blue-shift.1,,473,506,33,,0.42,,5.97,,,0.49,27.93,2022,b,
htFuncLib_sf:em-blue-shift.2,,476,506,30,,0.7,,5.42,,,0.95,27.99,2022,b,
htFuncLib_sf:fast.3,,488,509,21,,0.42,,5.31,,,0.71,27.89,2022,b,
htFuncLib_sf:mid.10,,488,509,21,,0.56,,5.8,,,0.73,27.96,2022,b,
htFuncLib_sf:mid.11,,488,509,21,,0.45,,5.59,,,0.73,28.01,2022,b,
htFuncLib_sf:mid.12,,488,508,20,,0.6,,5.46,,,0.94,27.97,2022,b,
htFuncLib_sf:mid.5,,498,512,14,,0.41,,5.53,,,0.77,28.01,2022,b,
htFuncLib_sf:mid.7,,489,509,20,,0.53,,5.5,,,0.89,28.03,2022,b,
htFuncLib_sf:mid.9,,497,511,14,,0.47,,5.89,,,1.01,28,2022,b,
htFuncLib_sf:photostable.1,,488,508,20,,0.52,,5.58,,,0.8,27.94,2022,b,
htFuncLib_sf:photostable.2,,496,511,15,,0.46,,5.63,,,0.85,27.92,2022,b,
htFuncLib_sf:thermo.2,,509,516,7,,0.54,,5.65,,,1.06,28.06,2022,b,
htFuncLib_sf:thermo.9,,502,515,13,,0.49,,5.76,,,1.05,28.05,2022,b,
htFuncLib_slow.1,,506,522,16,,0.62,,5.62,,,1.68,28.26,2022,b,
htFuncLib_slow.2,,483,507,24,,0.37,,5.23,,,1.59,28.32,2022,b,
htFuncLib_slow.3,,483,506,23,,0.44,,5.37,,,1.37,28.22,2022,b,
htFuncLib_slow.4,,393,509,116,,0.29,,4.29,,,1.32,28.32,2022,b,
htFuncLib_slow.5,,492,510,18,,0.57,,5.39,,,1.27,,2022,b,
htFuncLib_thermo.1,,509,523,14,,0.61,,5.51,,,1.53,28.27,2022,b,
htFuncLib_thermo.2,,511,525,14,,0.58,,5.87,,,1.48,28.28,2022,b,
htFuncLib_thermo.3,,508,524,16,,0.62,,5.4,,,1.53,28.26,2022,b,
htFuncLib_thermo.4,,396,507,111,,0.19,,4.21,,,1.14,28.26,2022,b,
htFuncLib_thermo.5,,397,510,113,,0.66,,3.68,,,1.06,28.27,2022,b,
htFuncLib_thermo.6,,398,510,112,,0.72,,3.72,,,1.08,28.24,2022,b,
htFuncLib_thermo.8,,400,510,110,,0.73,,4.57,,,0.96,28.28,2022,b,
htFuncLib_thermo.9,,503,519,16,,0.44,,5.99,,,1.27,28.34,2022,b,
Hyperfolder YFP,,514,529,15,119500,0.6,71.7,5.6,wd,21,,26.9,2022,b,hfYFP
iFP1.4,,684,708,24,92000,0.07,6.44,4.6,m,114,,34.78,2009,b,
iFP2.0,,690,711,21,86000,0.08,6.88,,d,,,34.85,2014,b,
iLov,,447,497,50,,0.44,,,,,,14.27,2008,o,981
iq-EBFP2,,386,446,60,24800,0.63,15.62,,m,,,,2014,b,
iq-mApple,,568,593,25,34400,0.36,12.38,,m,,,,2014,b,
iq-mCerulean3,,433,474,41,27300,0.92,25.12,,m,,,,2014,b,
iq-mEmerald,,482,509,27,50400,0.67,33.77,,m,,,27.06,2014,b,
iq-mKate2,,580,632,52,11600,0.34,3.94,,m,,,,2014,b,
iq-mVenus,,516,529,13,88700,0.63,55.88,,m,,,,2014,b,
iRFP670,,643,670,27,114000,0.11,12.54,4,d,,,34.48,2013,b,
iRFP682,,663,682,19,90000,0.11,9.9,4.5,d,,0.95,34.55,2013,b,
iRFP702,,673,702,29,93000,0.08,7.44,4.5,d,,,34.48,2013,b,
iRFP713,,690,713,23,105000,0.06,6.3,4,d,168,,34.6,2011,b,iRFP
iRFP713/V256C,,662,680,18,94000,0.145,13.63,4.5,d,,,34.61,2016,b,
iRFP720,,702,720,18,96000,0.06,5.76,4.5,d,,,34.64,2013,b,
IrisFP,Green,488,516,28,52200,0.43,22.45,5.7,t,,,25.69,2008,mp,
IrisFP,Orange,551,580,29,35400,0.47,16.64,,t,,,25.69,2008,mp,
IrisFP-M159A,Green,484,513,29,62800,0.18,11.3,4.7,t,,,25.63,2015,ps,
jRCaMP1a,calcium free,573,595,22,42735,0.29,12.39,6.48,,,,,,b,
jRCaMP1a,calcium saturated,572,594,22,61920,0.54,33.44,6.2,,,,,,b,
Jred,,584,610,26,44000,0.2,8.8,5,d,,,29.31,2004,b,
jREX-GECO1,calcium free,577,599,22,31746,0.061,1.94,4.6,,,,,,b,
jREX-GECO1,calcium saturated,474,585,111,34000,0.2,6.8,11.63,,,,,,b,
jRGECO1a,calcium saturated,562,588,26,63554,0.22,13.98,6.4,,,,,2016,o,
jRGECO1a,calcium free,450,595,145,4741,0.12,0.57,8.5,,,,,2016,o,
Kaede,Red,572,580,8,60400,0.33,19.93,5.6,t,,4.2,25.67,2002,pc,tgeoRFP
Kaede,Green,508,518,10,98800,0.88,86.94,5.6,t,,3.4,25.67,2002,pc,tgeoRFP
Katushka,,588,635,47,65000,0.34,22.1,,d,34,2.1,26.01,2007,b,TurboFP635
Katushka2S,,588,633,45,67000,0.44,29.48,5.4,d,14,,26.39,2015,b,
Katushka-9-5,,588,635,47,,,,,d,27.4,,26.29,2010,b,
KCY,,455,488,33,38700,0.85,32.9,,d,,,24.67,2009,b,
KCY-G4219,,453,486,33,21100,0.8,16.88,,,,,24.84,2009,b,
KCY-G4219-38L,,464,494,30,,,,,,,,24.83,2009,b,
KCY-R1,,461,492,31,21200,0.75,15.9,,d,,,24.87,2009,b,
KCY-R1-158A,,459,489,30,,,,,,,,24.85,2009,b,
KCY-R1-38H,,459,489,30,,,,,,,,24.88,2009,b,
KCY-R1-38L,,467,496,29,13000,,,,,,,24.85,2009,b,
KFP1,On,580,600,20,59000,0.07,4.13,,t,,,25.82,2003,pa,"KFP-Red, asCP.A148G/K9T/K10E"
K-GECO1,calcium free,572,597,25,18750,0.19,3.56,6.71,,,,,,b,
K-GECO1,calcium saturated,569,593,24,62700,0.48,30.1,6.34,,,,,,b,
KikG,,507,517,10,81000,0.68,55.08,4.2,t,,,25.88,2005,b,
KikGR1,Green,507,517,10,53700,0.7,37.59,7.8,t,,,25.76,2005,pc,Kikume Green-Red
KikGR1,Red,583,593,10,35100,0.65,22.82,5.5,t,,,25.76,2005,pc,Kikume Green-Red
KillerOrange,,455,555,100,41200,0.42,17.3,,d,,,26.36,2015,b,
KillerRed,,585,610,25,45000,0.25,11.25,,d,,,26.4,2005,b,
KO,,548,561,13,109750,0.45,49.39,5,d,,4.2,24.28,2004,b,"Kusabira-Orange, KO1"
KOFP-7,KOFP-7,450,496,46,,0.61,,,,,,16.67,2020,b,
Kohinoor,On,495,514,19,62900,0.71,44.66,8.6,m,,,25.35,2015,ps,
Kohinoor2.0,On,500,516,16,31200,0.607,18.94,,,14.7,,25.22,2021,ps,
laesGFP,,491,506,15,,,,,,,,24.93,2004,b,
laGFP,,502,511,9,,,,,,,,25.88,2013,b,
LanFP1,,500,510,10,53000,0.57,30.21,,,,,24.58,2008,b,
LanFP2,,500,516,16,162000,0.0013,0.21,,,,,23.66,2008,b,
lanRFP-&Delta;S83l,,521,592,71,71000,0.1,7.1,4.7,d,720,,24.72,2013,b,
LanYFP,,513,524,11,150000,0.95,142.5,3.5,t,,,24.72,2013,b,
laRFP,,521,592,71,71000,0.1,7.1,4.7,,,,25.77,2013,b,
LEA,,,,,,,,,,,,26.41,2013,,
Lime,,488,510,22,45000,0.77,34.65,7.1,,,,26.92,2023,o,
LSSA12,,398,511,113,38700,0.38,14.71,4.6,m,,,26.86,2022,b,LSSA12
LSSmApple,,490,600,110,45000,0.31,13.95,4.3,m,110,,27.01,2023,b,
LSSmCherry1,,450,610,160,35000,0.29,10.15,6.2,m,,,26.69,2017,b,
LSSmGFP,,400,510,110,36900,0.48,17.71,4.7,m,,,26.87,2022,b,LSSmGFP
LSS-mKate1,,463,624,161,31200,0.08,2.5,3.2,m,100,,26.21,2010,b,
LSS-mKate2,,460,605,145,26000,0.17,4.42,2.7,m,150,1.4,26.2,2010,b,
LSSmOrange,,437,572,135,52000,0.45,23.4,5.7,m,138,,26.72,2012,b,
LSSmScarlet,,470,598,128,30200,0.42,12.68,5.8,m,61,,26.27,2021,b,
LSSmScarlet2,,470,600,130,30000,0.29,8.7,2.19,m,184,,26.25,2022,b,
LSSmScarlet3,,466,598,132,27300,0.36,9.83,2.18,m,34,,26.31,2022,b,
LucY,,460,528,68,11662,0.356,4.15,,m,,,33.71,2015,b,lucigen yellow
Lumazine binding protein,,420,470,50,,0.55,,,,,13.6,20,2015,b,LUMP
M355NA,,572,595,23,220000,0.21,46.2,,t,,,25.92,2003,b,
mAmetrine,,406,526,120,45000,0.58,26.1,6,m,1.8,,26.8,2008,b,
mApple,,568,592,24,75000,0.49,36.75,6.5,m,30,2.9,26.96,2008,b,
Maroon0.1,,610,650,40,50000,0.11,5.5,,d,,,27.5,2016,b,
mARs1,,571,598,27,27100,0.26,7.05,,m,,,24.89,2023,b,
mAvicFP1,,480,503,23,65000,0.63,40.95,4.9,m,,,26.82,2019,b,
mAzamiGreen,,492,505,13,41800,0.81,33.86,6.2,m,,,25.85,2003,b,mAG
mBanana,,540,553,13,6000,0.7,4.2,6.7,m,60,,26.57,2004,b,
mBaoJin,,500,508,8,128000,0.93,119.04,4.37,m,7.6,3.1,26.58,2024,b,"mBJ, mStayGold"
mBaoJin-N137K,,504,510,6,72949,0.68,49.61,,m,,,,2023,b,mBJ-N137K
mBaoJin-S134P,,502,510,8,70245,0.83,58.3,,m,,,,2023,b,mBJ-S134P
mBaoJin-T55S,,497,508,11,127000,0.86,109.22,,m,,,26.56,2023,b,mBJ-T55S
mBaoJin-V152E,,498,508,10,114146,0.61,69.63,,m,,,,2023,b,mBJ-V152E
mBeRFP,,446,611,165,65000,0.27,17.55,5.6,m,60,2,26.38,2013,b,monomeric Blue light-excited RFP
mBlueberry1,,398,452,54,11000,0.48,5.28,,m,,,26.72,2007,b,
mBlueberry2,,402,467,65,51000,0.48,24.48,2.5,m,,,26.76,2007,b,
mc1,,508,582,74,,,,,,,,25.82,2003,b,
mc2,,505,515,10,,,,,,,,26.02,2003,b,
mc3,,505,515,10,,,,,,,,26.81,2003,b,
mc4,,505,515,10,,,,,,,,26.05,2003,b,
mc5,,435,495,60,,,,,,,,25.84,2003,b,
mc6,,495,507,12,,,,,,,,25.83,2003,b,
McaG1,,492,514,22,,,,,,,,26.06,2004,b,
McaG1ea,,492,514,22,,,,,,,,25.96,2004,b,
McaG2,,492,502,10,,,,,,,,25.91,2004,b,mcavGFP2
mCardinal,,604,659,55,87000,0.19,16.53,5.3,m,27,,27.55,2014,b,
mCarmine,,603,675,72,83000,0.07,5.81,5.58,m,,,27.65,2018,b,
mcavFP,,440,510,70,,,,,,,,25.85,2003,b,
mcavGFP,,506,516,10,,,,,,,,26.74,2002,b,
mcavRFP,,508,580,72,,,,,,,,25.87,2002,b,
mcCFP,,432,477,45,,0.385,,,t,,2.66,25.78,2004,b,
mCerulean,,433,475,42,33000,0.49,16.17,,m,6.6,,26.83,2005,b,
mCerulean2,,432,474,42,47000,0.6,28.2,4.8,m,,3.04,26.68,2011,b,
mCerulean2.D3,,434,472,38,45000,0.52,23.4,,m,,,26.75,2011,b,
mCerulean2.N,,440,484,44,49000,0.48,23.52,4.5,m,,2.63,26.69,2011,b,
mCerulean2.N(T65S),,439,481,42,43000,0.46,19.78,,m,,,26.67,2011,b,
mCerulean3,,433,475,42,40000,0.87,34.8,3.2,m,69.8,4.1,26.66,2011,b,
mCerulean.B,,434,473,39,43000,0.49,21.07,,m,,,26.74,2011,b,
mCerulean.B2,,432,471,39,39000,0.5,19.5,,m,,,26.67,2011,b,
mCerulean.B24,,433,473,40,43000,0.52,22.36,,m,,,26.75,2011,b,
mcFP497,,,,,,,,,,,,25.89,2007,,
mcFP503,,,,,,,,,,,,25.71,2007,,
mcFP506,,,,,,,,,,,,25.74,2007,,
mChartreuse,basic,487,510,23,71000,0.75,53.25,4.9,m,4.9,,26.73,2024,b,mCha
mCherry,,587,610,23,72000,0.22,15.84,4.5,m,15,1.4,26.72,2004,b,
mCherry1.5,,,,,,,,,m,,,26.71,2017,,
mCherry2,,589,610,21,79400,0.22,17.47,3.3,m,22.8,,26.74,2017,b,
mCherry_I202T,,587,617,30,,0.04,,,,,,26.71,2016,b,
mCherry_I202Y,,592,620,28,,0.02,,,,,,26.77,2016,b,
mCherry_M10L,,583,611,28,,,,,,,,26.7,2022,b,
mCherry-XL,Fluorescent,558,589,31,72000,0.7,50.4,4.6,m,,3.9,26.69,2022,b,
mCitrine,,516,529,13,94000,0.74,69.56,,m,,,27.05,2002,b,
mClavGR1,,,,,,,,,m,,,26.99,2010,,
mClavGR1.1,,,,,,,,,m,,,27.1,2010,,
mClavGR1.8,,,,,,,,,m,,,27.1,2010,,
mClavGR2,Green,488,504,16,19000,0.77,14.63,8,m,27,,27.08,2010,pc,
mClavGR2,Red,566,583,17,32000,0.53,16.96,7.3,m,,,27.08,2010,pc,
mClover1.5,,,,,,,,,m,,,26.9,2016,,
mClover3,,506,518,12,109000,0.78,85.02,6.5,m,43.5,3.11,26.95,2016,b,
mcRFP,,,,,,,,,,,,25.88,2004,,
mCRISPRed,,460,592,132,28500,0.46,13.11,2.1,m,354,2.1,26.59,2020,b,
mCyRFP1,,528,594,66,27000,0.65,17.55,5.6,m,,3.71,26.44,2016,b,
mECFP,,433,475,42,33000,0.41,13.53,,m,,,26.96,2006,b,
Medium-FT,,,,,,,,,m,,,26.7,2009,t,
meffCFP,,467,492,25,88600,0.55,48.73,,t,,,25.99,2008,b,
meffCP,,574,,,118300,,,,t,,,24.97,2008,,
meffGFP,,492,506,14,92000,0.58,53.36,,t,,,26.54,2008,b,
meffRFP,,560,576,16,99600,0.56,55.78,,t,,,26.51,2008,b,meffRed
mEGFP,,488,507,19,56000,0.6,33.6,6,m,,,27,2002,b,
meleCFP,,454,485,31,47400,0.74,35.08,,t,,,25.9,2008,b,
meleRFP,,573,579,6,45600,0.85,38.76,,t,,,25.84,2008,b,
mEmerald,,487,509,22,57500,0.68,39.1,6,m,11.2,,26.95,1998,b,
mEos2,Red,573,584,11,46000,0.66,30.36,6.4,wd,,4.1,25.84,2009,pc,
mEos2,Green,506,519,13,56000,0.84,47.04,5.6,wd,,3.5,25.84,2009,pc,
mEos2-A69T,Green,495,509,14,24300,0.63,15.31,8.2,m,,3.4,25.87,2016,pc,
mEos2-A69T,Orange,565,580,15,11500,0.66,7.59,7.4,m,,4.2,25.87,2016,pc,
mEos2-NA,,,,,,,,,m,,,25.75,2012,,
mEos3.1,Green,505,513,8,88400,0.83,73.37,5.2,m,,,25.73,2012,pc,
mEos3.1,Red,570,580,10,33500,0.62,20.77,6,m,,,25.73,2012,pc,
mEos3.2,Green,507,516,9,63400,0.84,53.26,5.4,m,20,,25.74,2012,pc,
mEos3.2,Red,572,580,8,32200,0.55,17.71,5.8,m,,,25.74,2012,pc,
mEos4a,Green,505,515,10,83530,0.86,71.84,5.25,m,,,26.05,2015,pc,mEos3dG16
mEos4a,Red,571,580,9,61000,0.71,43.31,5.7,m,,,26.05,2015,pc,mEos3dG16
mEos4b,Green,505,516,11,78170,0.84,65.66,5.5,,,,25.9,2015,pc,mEos3d.2G16
mEos4b,Red,570,580,10,55500,0.71,39.41,5.8,,,,25.9,2015,pc,mEos3d.2G16
mEos4b-L93M,Green,504,515,11,77120,0.68,52.44,6.3,m,81,,25.92,2025,pc,
mEos4b-L93M,Red,569,580,11,57200,0.63,36.04,6.3,m,,,25.92,2025,pc,
mEos4Fast1,Green,505,517,12,93170,0.78,72.67,5.6,m,64,,25.97,2025,pc,mEos4b-A60Q-L93M
mEos4Fast1,Red,570,580,10,58450,0.73,42.67,6.7,m,,,25.97,2025,pc,mEos4b-A60Q-L93M
mEos4Fast2,Green,499,513,14,78020,0.82,63.98,4.9,m,27,,25.94,2025,pc,mEos4b-T59Q-L93M
mEos4Fast2,Red,565,580,15,43290,0.54,23.38,5.4,m,,,25.94,2025,pc,mEos4b-T59Q-L93M
mEosEM,Green,503,511,8,155650,0.79,122.96,6,m,,,25.87,2019,pc,
mEosEM,Red,569,579,10,170128,0.66,112.28,6.5,m,,,25.87,2019,pc,
mEosFP,Green,505,516,11,67200,0.64,43.01,5.3,m,,3.5,25.83,2004,pc,mEos
mEosFP,Red,569,581,12,37000,0.62,22.94,6.5,m,,4.1,25.83,2004,pc,mEos
mEosFP-F173S,Green,486,514,28,53200,0.43,22.88,5.8,m,,3.3,25.76,2011,mp,
mEosFP-F173S,Red,550,581,31,25000,0.41,10.25,6.2,m,,3.7,25.76,2011,mp,
mEosFP-M159A,Green,487,514,27,98600,0.52,51.27,4.3,m,,3.2,25.76,2011,b,
meruFP,,,,,,,,,,,,25.93,2009,,
mEYFP,,515,528,13,79000,0.62,48.98,,m,9,,27.05,2002,b,
MfaG1,,492,508,16,,,,,,,,25.98,2004,b,
mfolCP577,,577,,,,,,,,,,,2013,b,
mGarnet,,598,670,72,95000,0.09,8.55,7.4,m,112,0.8,25.19,2015,b,
mGarnet2,,598,671,73,105000,0.087,9.13,6.8,m,,0.76,25.26,2017,b,
mGeos-C,On,505,516,11,76967,0.81,62.34,6,m,,,25.81,2012,ps,
mGeos-E,On,501,513,12,69630,0.75,52.22,6,m,,,25.84,2012,ps,
mGeos-F,On,504,515,11,53135,0.85,45.16,5,m,,,25.85,2012,ps,
mGeos-L,On,501,513,12,53448,0.72,38.48,5,m,,,25.82,2012,ps,
mGeos-M,On,503,514,11,51600,0.85,43.86,4.7,m,,,25.84,2012,ps,
mGeos-S,On,501,512,11,64602,0.76,49.1,5,m,,,25.79,2012,ps,
mGFP5,,,,,,,,,d,,,26.82,1996,b,
mGFPmut3,,500,513,13,89400,0.39,34.87,,m,4.1,,26.9,2017,b,
mGinger1,,587,637,50,58000,0.02,1.16,7.9,m,106,,24.85,2018,b,
mGinger2,,578,631,53,36000,0.04,1.44,6.5,m,78,,24.84,2018,b,
mGold,,515,531,16,107000,0.64,68.48,5.9,m,,,26.91,2020,b,
mGold2s,,517,529,12,131000,0.69,90.39,5.1,m,14.8,3.04,26.9,2025,b,
mGold2t,,515,527,12,126000,0.7,88.2,5.4,m,13.1,2.95,26.92,2025,b,
mGrape1,,595,625,30,50000,0.03,1.5,4.5,m,70,,25.43,2009,b,
mGrape2,,605,636,31,33000,0.03,0.99,6.3,m,,,26.8,2009,b,
mGrape3,,608,646,38,40000,0.03,1.2,7,m,,,26.77,2009,b,
mGreenLantern,,503,514,11,101800,0.72,73.3,5.6,m,13.5,,26.82,2020,b,mGL
mHoneydew,,487,562,75,17000,0.12,2.04,4,m,,,25.36,2004,b,
MiCy,,472,495,23,27250,0.9,24.52,6.6,d,,3.4,26.15,2004,b,Midoriishi Cyan
mIFP,,683,704,21,82000,0.08,6.56,3.5,m,,,35.11,2015,b,
miniGFP1,,450,499,49,16800,0.31,5.21,4.5,m,,4.46,12.6,2022,b,
miniGFP2,,450,499,49,16200,0.32,5.18,4.4,,,4.54,12.59,2022,b,
miniSOG,,447,501,54,14100,0.43,6.06,,m,,,12.33,2011,b,mini Singlet Oxygen Generator
miniSOG2,,429,507,78,,,,,,,,12.44,2017,b,
miniSOG Q103V,,440,487,47,,0.43,,,m,,,12.3,2016,b,
miRFP,,674,703,29,92400,0.097,8.96,4.3,m,,,34.32,2018,b,
miRFP2,,676,706,30,55600,0.043,2.39,3.7,m,,,34.3,2021,b,
miRFP670,,642,670,28,87400,0.14,12.24,4.5,m,180,1.42,34.49,2016,b,
miRFP670-2,,643,670,27,103000,0.136,14.01,4.5,m,,1.42,34.52,2020,b,monomeric iRFP670-2
miRFP670nano,,645,670,25,95000,0.108,10.26,3.7,m,100,,17.1,2019,b,
miRFP670nano3,,645,670,25,129000,0.185,23.86,4.2,m,,,17.11,2022,b,
miRFP670v1,,644,670,26,71300,0.116,8.27,4.5,m,,,34.48,2016,b,
miRFP680,,661,680,19,94000,0.145,13.63,4.5,m,,1.67,34.62,2020,b,monomeric iRFP680
miRFP682,,663,682,19,91000,0.112,10.19,4.5,m,,,34.56,2020,b,monomeric iRFP682
miRFP702,,673,702,29,88000,0.081,7.13,4.5,m,,,34.51,2020,b,monomeric iRFP702
miRFP703,,674,703,29,90900,0.086,7.82,4.5,m,,,34.51,2016,b,
miRFP709,,683,709,26,78400,0.054,4.23,4.5,m,,,34.56,2016,b,
miRFP713,,690,713,23,99000,0.07,6.93,3.5,m,,0.89,34.62,2020,b,monomeric iRFP713
miRFP720,,702,720,18,98000,0.061,5.98,4.5,m,,,34.68,2018,b,
mIrisFP,Green,486,516,30,47000,0.54,25.38,5.4,m,14,,25.69,2010,mp,
mIrisFP,Red,546,578,32,33000,0.59,19.47,7.6,m,,,25.69,2010,mp,
mJuniper,basic,434,475,41,32000,0.43,13.76,4.7,m,1.7,,26.74,2024,b,mJun
mKalama1,,385,456,71,36000,0.45,16.2,5.5,m,,,26.79,2007,b,
mKate,,588,635,47,45000,0.33,14.85,6.2,m,,,26.02,2007,b,
mKate2,,588,633,45,62500,0.4,25,5.4,m,20,2.5,26.07,2009,b,
mKate2.5,,,,,,,,,m,,,25.65,2012,,
mKate M41G S158C,,593,648,55,73000,0.22,16.06,,m,,,25.96,2009,b,
mKate S158A,,585,630,45,75000,0.3,22.5,5.4,m,,,26.01,2008,b,mLumin
mKate S158C,,586,630,44,63000,0.33,20.79,,m,,,26.04,2009,b,
mKeima,pH5,586,620,34,,,,6.5,m,,,25.05,2006,b,
mKeima,pH6,440,620,180,,,,6.5,m,,,25.05,2006,b,
mKeima,pH8,440,620,180,,,,6.5,m,,,25.05,2006,b,
mKeima,pH4,586,620,34,,,,6.5,m,,,25.05,2006,b,
mKeima,pH7.4,440,620,180,14400,0.24,3.46,6.5,m,180,2.93,25.05,2006,b,
mKelly1,,596,656,60,44000,0.16,7.04,5.4,m,28,,24.69,2018,b,
mKelly2,,598,649,51,43000,0.18,7.74,5.6,m,20,,24.73,2018,b,
mKG,,494,507,13,,,,,m,,,24.42,2008,b,
mK-GO,Late,548,561,13,42000,,,4.8,m,360,,24.46,2010,o,mKusabira Green Orange
mK-GO,Early,500,509,9,35900,,,6,m,,,24.46,2010,o,mKusabira Green Orange
mKikGR,Red,580,591,11,28000,0.63,17.64,5.2,m,,,26.45,2008,pc,"monomeric Kikume Green-Red, mKikGR1"
mKikGR,Green,505,515,10,49000,0.69,33.81,6.6,m,,,26.45,2008,pc,"monomeric Kikume Green-Red, mKikGR1"
mKillerOrange,,458,560,102,35000,0.5,17.5,,m,,,26.37,2015,b,
mKO,,548,559,11,51600,0.6,30.96,5,m,,4.1,24.45,2004,b,"mKusabira-Orange, mKO1"
mKO2,,551,565,14,63800,0.62,39.56,5.5,m,108,,24.46,2008,b,mKusabira-Orange2
mKO&kappa;,,551,563,12,105000,0.61,64.05,4.2,m,,,24.47,2008,b,mKusabira-Orange-kappa
mLemon,basic,514,526,12,125000,0.74,92.5,4.8,m,12,,26.73,2024,b,mLem
mLychee,basic,568,596,28,80000,0.5,40,6.3,m,36.4,,26.52,2024,b,mLy
mMaple,Green,489,505,16,15000,0.74,11.1,8.2,m,,,27.25,2012,pc,
mMaple,Red,566,583,17,30000,0.56,16.8,7.3,m,,,27.25,2012,pc,
mMaple2,Green,492,506,14,,,,,wd,,,27.15,2014,pc,
mMaple2,Red,570,582,12,,,,,wd,,,27.15,2014,pc,
mMaple3,Green,491,506,15,15760,0.37,5.83,,m,,,27.21,2014,pc,
mMaple3,Red,568,583,15,23970,0.52,12.46,,m,,,27.21,2014,pc,
mMaroon1,,609,657,48,80000,0.11,8.8,6.2,m,20,,27.64,2016,b,
mmGFP,,398,505,107,,0.645,,,m,1440,3.1,23.72,2004,b,
MmGFP6,,,,,,,,,d,,,26.88,1997,b,MmGFP
mMiCy,,470,496,26,22150,0.7,15.5,7,m,,,26.04,2004,b,mMidori-ishi Cyan
mmilCFP,,404,492,88,42500,0.9,38.25,,t,,,25.56,2008,b,
mNectarine,,558,578,20,58000,0.45,26.1,6.9,m,30,,26.59,2009,b,
mNeonGreen,,506,517,11,116000,0.8,92.8,5.7,m,10,3.1,26.65,2013,b,mNG
mNeptune,,600,650,50,67000,0.2,13.4,5.4,m,35,,27.41,2009,b,mNeptune1
mNeptune2,,599,651,52,89000,0.24,21.36,6.3,m,27,,27.45,2014,b,
mNeptune2.5,,599,643,44,95000,0.24,22.8,5.8,m,26,,27.53,2014,b,
mNeptune681,,604,681,77,38000,0.04,1.52,7.3,m,,,27.54,2016,b,
mNeptune684,,604,684,80,39000,0.03,1.17,6.5,m,,,27.51,2016,b,
mOFP.T.12,,,,,,,,,m,,,26.7,2004,,
mOFP.T.8,,,,,,,,,m,,,26.73,2004,,
Monomeric hyperfolder YFP,,515,529,14,124000,0.62,76.88,5.7,m,27,,26.96,2022,b,mhYFP
montFP,,,,,,,,,,,,20.66,2009,,
Montipora sp. #20,,,,,,,,,,,,24.97,2006,b,meffCP-like
Montipora sp. #20-9115,,580,606,26,,,,,,,,24.99,2006,b,
mOrange,,548,562,14,71000,0.69,48.99,6.5,m,150,,26.74,2004,b,
mOrange2,,549,565,16,58000,0.6,34.8,6.5,m,270,2.7,26.82,2008,b,
moxBFP,,385,448,63,31000,0.56,17.36,,m,,,26.89,2015,b,
moxCerulean3,,434,474,40,41000,0.87,35.67,,m,100.4,,26.62,2015,b,
moxDendra2,Red,551,571,20,31200,0.55,17.16,,m,,,26.09,2017,pc,
moxDendra2,Green,490,504,14,50300,0.5,25.15,,m,,,26.09,2017,pc,
moxEos3.2,,,,,,,,,m,,,25.75,2017,,
moxGFP,,486,510,24,87000,0.58,50.46,,m,17.1,,26.88,2015,b,
moxMaple3,Green,490,506,16,14800,0.37,5.48,,m,,,27.19,2018,pc,
moxMaple3,Red,569,584,15,24230,0.52,12.6,,m,,,27.19,2018,pc,
moxNeonGreen,,505,520,15,111000,0.74,82.14,,m,,,26.63,2015,b,
moxVenus,,514,526,12,89000,0.49,43.61,,m,25.8,,26.85,2015,b,
mPA-GFP,,,,,,,,,m,,,27.03,2002,,
mPapaya,,530,541,11,43000,0.83,35.69,6.8,m,,,26.91,2013,b,mPapaya1
mPapaya0.3,,,,,,,,,m,,,26.93,2013,,
mPapaya0.6,,,,,,,,,m,,,26.96,2013,,
mPapaya0.7,,529,541,12,23000,0.69,15.87,6.8,m,,,26.97,2013,b,
mPlum,,590,649,59,41000,0.1,4.1,4.5,m,100,,25.59,2004,b,
mPlum-E16P,,590,630,40,,0.14,,4.7,m,,,25.56,2012,b,
mRaspberry,,598,625,27,86000,0.15,12.9,,m,,,25.51,2004,b,
mRed7,,589,606,17,,,,,m,,0.43,26.21,2016,b,
mRed7Q1,,560,591,31,,,,,m,,2.29,26.28,2016,b,
mRed7Q1S1,,569,595,26,,,,,m,,,26.29,2016,b,
mRed7Q1S1BM,,569,596,27,,,,,m,,3.3,26.36,2016,b,
mRFP1,,584,607,23,50000,0.25,12.5,4.5,m,60,,25.42,2002,b,mRFP
mRFP1.1,,589,612,23,,,,,m,,,25.41,2004,b,
mRFP1.2,,590,612,22,,,,,m,,,25.55,,b,
mRFP1.3,,,,,,,,,m,,,26.75,2004,,
mRFP1.4,,,,,,,,,m,,,26.76,2004,,
mRFP1.5,,,,,,,,,m,,,26.74,2004,,
mRFP1_Magenta,,588,616,28,,,,,,,,25.43,2020,b,
mRFP1_Pink,,565,581,16,,,,,,,,25.35,2020,b,
mRFP1-Q66C,,559,580,21,31800,0.33,10.49,,m,10.8,,25.4,2006,b,mRFP1_Orange
mRFP1-Q66S,,555,569,14,32900,0.35,11.52,,m,54,,25.38,2006,b,
mRFP1-Q66T,,549,570,21,38100,0.43,16.38,,m,,,25.4,2006,b,
mRFP1_Violet,,586,619,33,,,,,,,,25.38,2020,b,
mRFP1_Yellow,,498,,,,,,,,,,25.37,2020,b,
mRhubarb713,Pr,690,713,23,113457,0.0763,8.66,,m,,,34.5,2019,b,
mRhubarb719,Pr,700,719,19,83768,0.068,5.7,,m,,,34.5,2019,b,
mRhubarb720,Pr,701,720,19,94941,0.0646,6.13,,m,,,34.54,2019,b,
mRojoA,,597,633,36,48000,0.02,0.96,5.4,m,,,26.74,2010,b,
mRojoB,,598,631,33,61000,0.06,3.66,5,m,,,26.78,2010,b,
mRouge,,600,637,37,43000,0.02,0.86,6.1,m,,,26.79,2010,b,
mRtms5,,588,633,45,54100,0.005,0.27,,m,,,24.96,2012,b,
mRuby,,558,605,47,112000,0.35,39.2,4.4,m,168,2.6,25.22,2009,b,
mRuby2,,559,600,41,113000,0.38,42.94,5.3,m,150,2.5,26.49,2012,b,
mRuby3,,558,592,34,128000,0.45,57.6,4.8,m,136.5,,26.56,2016,b,
mRubyFT,Blue-form,408,457,49,26000,0.63,16.38,3.9,m,342,,26.43,2022,t,Blue-to-red fluorescent timer
mRubyFT,Red-form,582,624,42,29600,0.086,2.55,4.5,m,900,,26.43,2022,t,Blue-to-red fluorescent timer
mSandy2,Basic,581,606,25,79000,0.35,27.65,,m,,,25.68,2022,b,
mScarlet,,569,594,25,100000,0.7,70,5.3,m,174,3.9,26.35,2016,b,
mScarlet-220A,,568,594,26,95000,0.668,63.46,,m,,,26.37,2023,b,
mScarlet-2A,,568,592,24,97000,0.685,66.44,,m,,,26.38,2023,b,
mScarlet-2A-84W,,568,592,24,97000,0.7,67.9,,m,,,26.4,2023,b,
mScarlet2-I,,,,,,,,,m,,,25.8,2019,b,
mScarlet3,,569,592,23,104000,0.75,78,4.5,m,37,4,25.85,2023,b,
mScarlet3-H,,551,592,41,102685,0.18,18.48,3.45,m,36,,25.86,2025,b,mYongHong
mScarlet3-S2,mScarlet3-S2,550,587,37,83000,0.18,14.94,3.3,m,47,,25.85,2024,b,
mScarlet-H,,551,592,41,74000,0.2,14.8,4.8,,264,1.3,26.36,2016,b,
mScarlet-I,,569,593,24,104000,0.54,56.16,5.4,m,36,3.1,26.36,2016,b,
mScarlet-I-220A,,568,594,26,100000,0.543,54.3,,m,,,26.38,2023,b,
mScarlet-I3,,568,592,24,105000,0.65,68.25,4.2,m,2,3.6,25.85,2023,b,
mScarlet-I3-NCwt,,567,592,25,102000,0.653,66.61,,m,,,26.41,2023,b,
msGFP2,,489,509,20,52200,0.59,30.8,,m,,,26.23,2019,b,
mStable,,597,633,36,45000,0.17,7.65,,m,,,26.09,2016,b,
mStayGold,,499,510,11,164000,0.83,136.12,4.8,m,,2.79,25.58,2023,b,QC2-6 FIQ
mStayGold2,,499,509,10,175000,0.79,138.25,4.8,m,,2.83,26.49,2023,b,QC2-6(PT)
mStrawberry,,574,596,22,90000,0.29,26.1,4.5,m,50,,26.64,2004,b,
mTagBFP2,,399,454,55,50600,0.64,32.38,2.7,m,12,2.6,26.65,2011,b,
mTangerine,,568,585,17,38000,0.3,11.4,5.7,m,,,25.37,2004,b,
mTFP*,,468,495,27,,,,,,,,25.31,2019,b,
mTFP0.3,,458,488,30,19000,0.31,5.89,,m,,,27.51,2006,b,
mTFP0.4,,,,,,,,,m,,,27.48,2006,,
mTFP0.5,,,,,,,,,m,,,27.48,2006,,
mTFP0.6,,,,,,,,,m,,,27.04,2006,,
mTFP0.7,On,453,488,35,60000,0.5,30,,m,,,26.96,2006,o,
mTFP0.8,,,,,,,,,m,,,26.94,2006,,
mTFP0.9,,,,,,,,,m,,,26.88,2006,,
mTFP1,,462,492,30,64000,0.85,54.4,4.3,m,,3.2,26.91,2006,b,
mTFP1-Y67H,,,,,,,,,,,,26.88,2008,,
mTFP1-Y67W,,424,461,37,3000,0.02,0.06,,,,,26.93,2008,b,
mT-Sapphire,,399,511,112,44000,0.6,26.4,4.9,m,156.5,,26.94,2008,b,
mTurquoise,,434,474,40,30000,0.84,25.2,4.5,m,112.2,3.7,26.88,2010,b,
mTurquoise-146G,,,,,,,,,m,,,26.82,2012,,
mTurquoise-146S,,,,,,,,,m,,,26.85,2012,,
mTurquoise2,,434,474,40,30000,0.93,27.9,3.1,m,33.5,4,26.91,2012,b,
mTurquoise2-1710,Natural,482,519,37,30000,0.51,15.3,4.9,m,,,26.76,2017,b,
mTurquoise2-G,,,,,,,,,m,,,26.86,,,
mTurquoise2_T203Y,,471,514,43,27400,0.23,6.3,4.8,m,,1.9,26.84,2025,b,
mTurquoise-DR,,,,,,,,,m,,,26.94,2010,,
mTurquoise-GL,,,,,,,,,m,,,26.84,2010,,
mTurquoise-GV,,,,,,,,,m,,,26.82,2010,,
mTurquoise-RA,,,,,,,,,m,,,26.89,2010,,
muGFP,,490,508,18,117000,0.45,52.65,,m,,,26.78,2018,b,monomeric ultra-stable GFP
mUkG,,483,499,16,60000,0.72,43.2,5.2,m,,,25.61,2008,b,"mUmikinoko-Green, mUkG1"
M-Velour-537,,537,,,72000,0.001,0.07,,,,,25.18,2022,b,
M-Velour-553,,553,,,72000,0.001,0.07,,,,,25.2,2022,b,
M-Velour-554,,554,,,86000,0.001,0.09,,,,,25.21,2022,b,
mVenus,,515,527,12,104000,0.64,66.56,5.5,m,17.6,2.7,26.89,2006,b,mVenus JBC
mVenus-Q69M,,515,528,13,,,96.97,,m,9.6,,26.9,2010,b,mVenus ME
mVermilion,,,,,,,,,m,,,25.78,2021,b,
mVFP,,491,503,12,85000,0.86,73.1,,m,,,25.64,2010,b,
mVFP1,,491,503,12,80400,0.84,67.54,,m,,,25.6,2010,b,
mWasabi,,493,509,16,70000,0.8,56,6.5,m,,,26.94,2008,b,
mWatermelon,,504,515,11,88000,0.47,41.36,5.2,m,,,26.29,2023,b,
(n1)oxStayGold,,497,506,9,,,,,,,,25.62,2022,b,(n1)oxSG
(n1)StayGold,,496,505,9,,,,,d,,,25.57,2022,b,(n1)SG
nanoLuc,,460,460,,,,,,,,,19.09,2012,b,nLuc; nanoluciferase
Neptune,,600,650,50,72000,0.18,12.96,5.8,d,35,,27.44,2009,b,
NijiFP,Green,469,507,38,41100,0.64,26.3,7,m,,3.4,26.06,2011,mp,
NijiFP,Orange,526,569,43,42000,0.65,27.3,7.3,m,,4.2,26.06,2011,mp,
"nirFAST  + HPAR-3,5DOM",,636,713,77,46000,0.067,3.08,,m,,,13.42,2025,b,TFCarmine
NowGFP,,494,502,8,56700,0.76,43.09,6.2,m,,5.1,26.69,2015,b,
NpR3784g,,,,,,,,,m,,,17.13,2015,,NpR3784 GAF Domain
Nữ,Nữ,517,531,14,115000,0.07,8.05,,m,,,26.95,2008,b,"super-REACh, improved non-radiative YFP"
obeCFP,,400,499,99,36000,0.62,22.32,,,,,26.19,2011,b,
obeGFP,,502,515,13,78000,0.62,48.36,,,,,26.35,2011,b,
obeYFP,,514,528,14,77000,0.57,43.89,,,,,26.37,2011,b,
ofCP,,528,,,94000,0.001,0.09,,,,,25.22,2022,b,
OFP,,548,573,25,60000,0.64,38.4,,t,,,25.12,2007,b,
OFPxm,,509,523,14,,0.25,,,m,,,27.02,2006,b,
O-GECO1,calcium free,558,570,12,611,0.22,0.13,9.52,,,,,,b,
O-GECO1,calcium saturated,545,563,18,53599,0.23,12.33,6.24,,,,,,b,
ONPG,,,,,,,,,,,,,2009,,ortho-Nitrophenyl-β-galactoside
O-Velour,,506,,,20000,0.001,0.02,,,,,25.1,2022,b,
oxBFP,,385,448,63,31000,0.56,17.36,,d,,,26.86,2015,b,
oxCerulean,,435,477,42,56000,0.41,22.96,,d,,,,2015,b,
oxGFP,,486,510,24,87000,0.58,50.46,,d,,,26.85,2015,b,
oxStayGold,,497,506,9,169000,0.93,157.17,,d,,,24.66,2022,b,
oxVenus,,514,526,12,89000,0.49,43.61,,d,,,26.82,2015,b,
P11,,471,502,31,,,,,,,,26.9,1994,b,
P4,,382,448,66,2100,0.24,0.5,,wd,,,26.86,1994,b,Y66H
P4-1,,504,514,10,14500,0.54,7.83,,,,,26.84,1996,b,
P4-3E,,384,448,64,22000,0.27,5.94,,,,,26.75,1998,b,
P9,,471,502,31,,,,,,,,26.9,1994,b,
Padron,On,503,522,19,43000,0.64,27.52,,m,,,25.46,2008,ps,
Padron0.9,On,505,522,17,36000,0.61,21.96,,m,,,25.38,2010,ps,
Padron2,On-state,492,516,24,32700,0.49,16.02,6.6,m,70,3.5,25.16,2021,ps,
Padron(star),On,503,522,19,,,,,m,,,25.48,2008,o,Padron*
PA-GFP,On,504,517,13,17400,0.79,13.75,,m,,,26.97,2002,pa,
PAmCherry1,On,564,595,31,18000,0.46,8.28,6.3,m,23,,26.77,2009,pa,"PA-mCherry, PAmCherry"
PAmCherry2,On,570,596,26,24000,0.53,12.72,6.2,m,18,,26.74,2009,pa,
PAmCherry3,On,570,596,26,21000,0.24,5.04,6.2,m,25,,26.75,2009,pa,
PAmKate,On,586,628,42,25000,0.18,4.5,5.6,m,19,,26.28,2011,pa,
PATagRFP,On,562,595,33,66000,0.38,25.08,5.3,m,,,26.08,2010,pa,
PATagRFP1297,On,563,595,32,63000,0.42,26.46,,t,25,,26.01,2010,pa,
PATagRFP1314,On,562,596,34,61000,0.46,28.06,,d,25,,26.09,2010,pa,
pcDronpa,Red,569,581,12,75000,0.68,51,6.3,t,,3.9,25.39,2014,mp,
pcDronpa,Green,505,517,12,115000,0.85,97.75,5.5,t,,3.2,25.39,2014,mp,
pcDronpa2,Red,569,583,14,105000,0.68,71.4,6.1,t,,,25.34,2014,mp,
pcDronpa2,Green,504,515,11,100000,0.83,83,5.8,t,,,25.34,2014,mp,
pcStar,Green,505,515,10,74376,0.89,66.19,5.49,m,,,25.72,2019,pc,
pcStar,Red,567,579,12,48403,0.44,21.3,6.14,m,,,25.72,2019,pc,
PdaC1,,480,492,12,,,,,,,,25.09,2004,b,
pdae1GFP,,491,511,20,105000,0.68,71.4,,,,,24.92,2004,b,
PDM1-4,,,,,,,,,,,,25.47,2010,,Dronpa145N
pFAST,,,,,,,,,,,,13.88,2021,b,
pFAST + HBIR-3M,,514,567,53,12000,0.003,0.04,,m,,,,2021,b,TFDarth
"pFAST + HBR 2,5 DM",pFAST,498,549,51,,,,,m,,,,2023,b,match550
"pFAST + HBR 3,5 DOM",pFAST,519,600,81,44000,0.33,14.52,,m,,,,2021,b,match600
pFAST + HMBR,pFAST,481,542,61,54000,0.23,12.42,,m,,,,2021,,match 540
Phanta,,506,516,10,98000,0.003,0.29,4.5,,,,25.84,2013,b,
phiLOV2.1,,451,501,50,13500,0.2,2.7,3,m,,,12.74,2021,b,
phiLOV3,,452,502,50,15800,0.22,3.48,3.3,m,,,12.67,2021,b,
phiYFP,,525,537,12,115000,0.6,69,,d,,,26.05,2004,b,
phiYFPv,,524,537,13,101305,0.59,59.77,,,,,25.94,2013,b,
pHluorin2,acidic,475,509,34,,,,,,,,26.93,2011,o,
pHluorin2,alkaline,395,509,114,,,,,,,,26.93,2011,o,
"pHluorin, ecliptic",acidic,395,509,114,,,,,,,,26.96,1998,o,"ecliptic pHluorin, pHluorin"
"pHluorin, ecliptic",,395,509,114,,,,7.1,,,,26.96,1998,o,"ecliptic pHluorin, pHluorin"
"pHluorin, ratiometric",acidic,475,509,34,,,,,,,,26.89,1998,o,ratiometric pHluorin; pHluorin
"pHluorin, ratiometric",alkaline,395,509,114,,,,,,,,26.89,1998,o,ratiometric pHluorin; pHluorin
pHmScarlet,pH 7.5,562,585,23,85000,0.47,39.95,7.4,,,,26.36,2021,b,
pHmScarlet,pH 5,513,513,,,,,,,,,26.36,2021,b,
pHmScarlet,pH 6,517,517,,,,,,,,,26.36,2021,b,
pHmScarlet,pH 7,520,520,,,,,,,,,26.36,2021,b,
pHmScarlet,pH 8,562,562,,,,,,,,,26.36,2021,b,
pHmScarlet,pH 9,562,562,,,,,,,,,26.36,2021,b,
pHmScarlet,pH 10,562,562,,,,,,,,,26.36,2021,b,
pHmScarlet,pH 7.4,564,585,21,,,,,,,,26.36,2021,b,
pHRed,pH 9.0,440,620,180,,,,,,,,,2011,b,
pHRed,pH 5.5,585,620,35,,,,,,,,,2011,b,
pH-tdGFP,,488,515,27,,,,4.8,td,,,54.21,2016,b,
pHuji,,566,598,32,31000,0.22,6.82,7.7,m,,,26.99,2014,b,
plamGFP,,502,514,12,98600,0.96,94.66,,t,,,26.5,2008,b,
plobRFP,,578,614,36,84000,0.74,62.16,,t,,,26.45,2019,b,
pmeaGFP1,,489,504,15,99000,0.74,73.26,,,,,24.98,2004,b,
pmeaGFP2,,487,502,15,98000,0.72,70.56,,,,,24.94,2004,b,
pmimGFP1,,491,505,14,79000,0.92,72.68,5.3,t,,,25.1,2010,b,
pmimGFP2,,491,505,14,79000,0.92,72.68,4.7,t,,,25.11,2010,b,
Pp2 FbFP,,449,495,46,14200,0.22,3.12,,d,,,16.99,2014,b,FMN-binding fluorescent protein
Pp2FbFP L30M,,449,495,46,14800,0.25,3.7,,d,,,17.01,2015,b,
PPCUM,,,,,,,,,,,,4.07,1999,,PPPOOPOO
ppluGFP1,,480,500,20,65000,0.6,39,,,,,24.56,2004,b,
ppluGFP2,,482,502,20,70000,0.6,42,,m,,,24.65,2004,b,copGFP
pporGFP,,495,507,12,98200,0.54,53.03,,t,,,24.73,2008,b,
pporRFP,,578,595,17,94900,0.54,51.25,,t,,,26.05,2008,b,
PROSS-eGFP,,488,509,21,,0.57,,5.37,,,0.99,28.3,2022,b,
psamCFP,,404,492,88,30800,0.96,29.57,,t,,,25.88,2008,b,
PS-CFP,Cyan,402,468,66,34000,0.16,5.44,4,m,,,27.27,2004,pc,
PS-CFP,Green,490,511,21,27000,0.19,5.13,6,m,,,27.27,2004,pc,
PS-CFP2,Cyan,400,468,68,43000,0.2,8.6,,m,,,26.68,,pc,
PS-CFP2,Green,490,511,21,47000,0.23,10.81,,m,,,26.68,,pc,
PSLSSmKate,LSS,445,622,177,26500,0.21,5.57,6.5,m,90,,26.2,2014,ps,
PSLSSmKate,Red,573,621,48,8500,0.16,1.36,8.2,m,,,26.2,2014,ps,
PSmOrange,Far-red,634,662,28,32700,0.28,9.16,5.6,m,,,26.79,2011,pc,
PSmOrange,Orange,548,565,17,113300,0.51,57.78,6.2,m,96,,26.79,2011,pc,
PSmOrange2,Orange,546,561,15,51000,0.61,31.11,6.6,m,210,,26.73,2012,pc,
PSmOrange2,Far-red,619,651,32,18900,0.38,7.18,5.4,m,,,26.73,2012,pc,
psupFP,,,,,,,,,,,,,2009,,
ptilGFP,,500,508,8,,,,,,,,27.05,2002,b,
Q80R,,,,,,,,,,,,26.91,,,
QC2-6,,496,504,8,,,,,m,,,25.61,2023,b,
R3-2+PCB,,620,648,28,74000,0.13,9.62,,,,,14.96,2016,b,
RCaMP,,575,602,27,,0.14,,,,,,49.27,2013,b,
RDSmCherry0.1,,598,625,27,59600,0.1,5.96,,m,,,26.59,2017,b,
RDSmCherry0.2,,600,630,30,34400,0.03,1.03,,m,,,26.65,2017,b,
RDSmCherry0.5,,604,636,32,23300,0.02,0.47,,m,,,26.69,2017,b,
RDSmCherry1,,600,630,30,55400,0.09,4.99,5.6,m,,,26.64,2017,b,
REACh1,,495,530,35,,,,,,,,27.01,2006,b,
REACh2,,510,538,28,,,,,,,,26.98,2006,b,
REX-GECO1,calcium free,578,599,21,38227,0.054000000000000006,2.06,4.6,,,,,,b,
REX-GECO1,calcium saturated,484,586,102,33300,0.21,6.99,11.7,,,,,,b,
R-FlincA,,560,585,25,,,,,,,,,2018,b,
rfloGFP,,508,518,10,,,,,,,,26.01,2002,b,
rfloGFP2,,,,,,,,,,,,,2008,,
rfloRFP,,566,574,8,,,,,,,,,2002,b,
RFP611,,559,611,52,120000,0.48,57.6,,t,110,,26,2008,b,
RFP618,,560,618,58,,0.35,,,t,360,,26.1,2008,b,
RFP630,,583,630,47,50000,0.35,17.5,,t,,,26.03,2008,b,
RFP637,,587,637,50,72000,0.23,16.56,,t,480,,26.09,2008,b,
RFP639,,588,639,51,69000,0.18,12.42,,t,90,,26.12,2008,b,
R-GECO1,calcium free,576,599,23,5138,0.15,0.77,8.69,,,,,,b,
R-GECO1,calcium saturated,563,588,25,56416,0.2,11.28,5.21,,,,,,b,
R-GECO1.2,calcium free,573,597,24,2333,0.21,0.49,8.98,,,,,,b,
R-GECO1.2,calcium saturated,558,585,27,45040,0.31,13.96,5.42,,,,,,b,
RLuc8,Coelenterazine 400a,400,400,,,,,,,,,,2006,b,Renilla luciferase
roGFP1,,475,508,33,,,,,,,,26.83,2004,b,
roGFP1-R1,,400,508,108,,,,,,,,26.94,2004,b,
roGFP1-R8,,400,511,111,,,,,,,,26.88,2004,b,
roGFP2,,490,511,21,,,,,,,,26.87,2004,b,
Rosmarinus,,437,482,45,45000,0.85,38.25,,t,,,26.05,2017,b,
RpBphP1,,,,,,,,,,,,34.5,2012,,
RpBphP2,,,,,,,,,,,,34.56,,,
RpBphP6,,,,,,,,,,,,34.53,2008,,
rrenGFP,,485,508,23,,,,,d,,,25.99,2008,b,
rrGFP,,,,,,,,,,,,26.18,2007,,"rrenGFP, rGFP, hrGFP"
RRvT,,556,583,27,134000,0.88,117.92,3.9,td,,,54.55,2016,b,
rsCherry,On,572,610,38,80000,0.02,1.6,,m,,,26.77,2008,ps,
rsCherryRev,On,572,608,36,84000,0.005,0.42,,m,,,26.73,2008,ps,
rsCherryRev1.4,On,572,609,37,,,,,d,,,26.71,2014,ps,
rsEGFP,On,493,510,17,47000,0.36,16.92,6.5,m,180,,26.97,2011,ps,
rsEGFP2,On,478,503,25,61300,0.3,18.39,5.8,m,20,,26.94,2012,ps,
rsFastLime,On,496,518,22,39094,0.77,30.1,,t,,2.9,25.44,2007,ps,
rsFolder,Green,477,503,26,51600,0.25,12.9,5.5,m,,,26.88,2016,ps,
rsFolder2,Green,478,503,25,44000,0.23,10.12,5.5,m,,,26.9,2016,ps,
rsFusionRed1,On,577,605,28,82400,0.1,8.24,4.6,m,65,,25.59,2018,ps,
rsFusionRed2,On,580,607,27,35500,0.12,4.26,4.7,m,30,,25.6,2018,ps,
rsFusionRed3,On,580,607,27,38000,0.08,3.04,4.7,m,25,,25.57,2018,ps,
RSGFP1,,,,,,,,,,,,26.79,1995,,
RSGFP2,,,,,,,,,,,,26.85,1995,,
RSGFP3,,,,,,,,,,,,26.83,1995,,
RSGFP4,,,,,,,,,,,,26.83,1995,,
RSGFP6,,,,,,,,,,,,26.84,1995,,
RSGFP7,,,,,,,,,,,,26.84,1995,,
rsGreen1,Bright,486,509,23,61000,0.42,25.62,5.9,m,,,26.94,2015,ps,
rsKame,On,503,517,14,72000,0.86,61.92,,m,,,25.49,2014,ps,
rsTagRFP,ON,567,585,18,36800,0.11,4.05,6.6,m,,,26.63,2010,ps,
Rtms5,,592,626,34,80000,0.004,0.32,3.2,t,,,24.91,2003,,meffBlue
R-Velour,,528,,,91000,0.001,0.09,,m,,,25.19,2022,b,
SAASoti,Green,510,519,9,,,,,t,,,25.15,2015,pc,
SAASoti,Red,510,589,79,,,,,t,,,25.15,2015,pc,
Sandercyanin,,375,675,300,21000,0.016,0.34,,t,,,18.62,2016,b,
Sapphire,,399,511,112,29000,0.64,18.56,4.9,wd,38.4,,26.84,1998,b,H9-40
sarcGFP,,483,500,17,76700,0.96,73.63,,t,,,25.83,2008,b,
SBFP1,,380,446,66,2300,0.4,0.92,,m,,,26.85,2007,b,
SBFP2,,380,446,66,34000,0.47,15.98,5.5,m,,,26.84,2007,b,
SCFP1,,434,477,43,29000,0.24,6.96,3.5,m,50.9,1.5,26.93,2006,b,
SCFP2,,434,474,40,29000,0.41,11.89,3.5,m,,2.3,26.92,2006,b,
SCFP3A,,433,474,41,30000,0.56,16.8,4.5,m,6.4,2.6,26.89,2006,b,
SCFP3B,,433,474,41,30000,0.5,15,4.5,m,,2.3,26.8,2006,b,
scleFP1,,,,,,,,,,,,16.71,2009,,
scleFP2,,,,,,,,,,,,16.51,2009,,
scOrange,,,,,,,,,,,,26.05,2018,b,ScroogeOrange
scubGFP1,,497,506,9,,,,,,,,,2002,b,
scubGFP2,,497,506,9,,,,,,,,,2002,b,
scubRFP,,570,578,8,66400,0.6,39.84,,t,,,26.06,2008,b,
secBFP2,,399,456,57,,,,,m,,,26.31,2013,b,
SEYFP,,515,528,13,101000,0.56,56.56,6,d,,,26.87,2002,b,super-EYFP
sfCherry,,,,,,,,,m,,,25.48,2013,b,
sfCherry2,,,,,,,,,m,,,25.26,2017,b,
sfCherry3C,,,,,,,,,m,,,25.48,2019,b,
sfOrange,,546,560,14,,,,,d,,,26.83,2023,b,superfolder OFP
sg11,,385,506,121,12700,0.84,10.67,,,,,26.92,1997,b,
sg12,,396,508,112,18300,0.85,15.55,,,,,26.95,1997,b,
sg25,,474,506,32,26200,0.76,19.91,,,,,26.94,1997,b,
sg42,,384,450,66,15600,0.24,3.74,,,,,26.93,1997,b,
sg50,,384,450,66,16500,0.25,4.12,,,,,26.9,1997,b,
sgBP,,608,,,122573,,,,t,,,25.98,2015,b,
sgBP-Q62M,,608,,,122923,,,,,,,25.99,2015,b,
sgBP-S157C,,604,,,58029,,,,,,,26,2015,b,
sgBP-S157T,,611,,,85654,,,,,,,26,2015,b,
SGFP1,,495,512,17,42000,0.62,26.04,6,m,,,26.91,2007,b,
SGFP2,,495,512,17,46000,0.7,32.2,5.9,m,,,26.89,2007,b,
SGFP2(206A),,496,512,16,44000,0.69,30.36,6,m,,,26.84,2007,b,
SGFP2(E222Q),,496,512,16,67000,0.52,34.84,6,,,,26.89,2007,b,
SGFP2(T65G),,501,512,11,90000,0.35,31.5,6.7,m,,,26.85,2007,b,
SH3,SH3,450,495,45,,0.4,,,,,,12.94,2019,b,
ShadowG,,486,510,24,89000,0.005,0.45,,,,0.16,26.98,2015,b,
ShadowR,,585,,,97100,,,,m,,,27.09,2019,b,
ShadowY,,519,531,12,136000,0.01,1.36,,,,,26.86,2017,b,
SHardonnay,,511,530,19,89000,0.75,66.75,,m,,3.4,26.98,2013,b,
shBFP,,401,458,57,15407,0.79,12.17,,wd,,,25.49,2016,b,
shBFP-N158K/L173I,,375,458,83,19500,0.78,15.21,,,,,25.51,2016,b,
shBFP-N158S/L173I,,375,458,83,24100,0.84,20.24,,m,,,25.47,2016,b,
shCP,,574,,,,,,,d,,,25.56,2014,b,
shCP-E63L/Y64H,,403,451,48,1276,0.17,0.22,,,,,25.52,2016,b,
shCP-E63S,,560,,,,,,,,,,25.52,2014,b,
shCP-Q39S,,518,,,,,,,,,,25.52,2014,b,
shCP-T194I,,577,,,,,,,,,,25.57,2014,b,
ShG24,,486,506,20,,,,,m,,,26.96,2006,b,
ShyRFP,Yellow state,450,596,146,30000,,,,m,,,26.9,2014,mp,
shysCP562,,562,,,,,,,,,,,2008,b,
Sirius,,355,424,69,15000,0.24,3.6,3,m,,,26.69,2009,b,UMFP-4
SiriusGFP,,504,516,12,56600,0.214,12.11,5.29,m,,,26.97,2018,b,
Skylan-NS,On,499,511,12,133770,0.59,78.92,5.7,m,,,25.71,2016,ps,sky lantern for nonlinear structured illumination
Skylan-S,On,499,511,12,152408,0.64,97.54,,m,,3.94,25.68,2015,ps,Sky lantern for SOFI
Slow-FT,,,,,,,,,m,,,26.79,2009,t,
smURFP,,642,670,28,180000,0.18,32.4,3.2,d,39,1.4,14.96,2016,b,small Ultra Red Fluorescent Protein
SNIFP,,697,720,23,149200,0.022,3.28,,m,,0.63,34.72,2018,b,"STED Near Infrared Fluorescent Protein, w4.35"
SOPP,,440,487,47,14500,0.39,5.66,,,,,12.31,2015,b,"singlet oxygen photosensitizing protein, Q103L miniSOG"
SOPP2,,439,491,52,14800,0.41,6.07,,,,,12.23,2017,b,
SOPP3,,439,490,51,15000,0.41,6.15,,,,,12.09,2017,b,
spGFP 11,,,,,,,,,,,,1.83,2005,b,GFP11 M3
spGFP1-10,,,,,,,,,,,,24.01,2005,b,"splitGFP 1-10, spGFP1-10, spGFP1-10 OPT"
spisCP,,560,,,61000,,,,t,,,24.95,2008,,spisPink
SPOON,on,510,527,17,54000,0.5,27,7.2,m,112,,26.83,2018,ps,SPOntaneous switching ON fluorescent protein
sREACh1,,518,530,12,114000,0.03,3.42,,,,,26.95,2017,b,
sREACh2,,519,531,12,130000,0.02,2.6,,,,,26.9,2017,b,
StayGold,,496,505,9,159000,0.93,147.87,4,d,14,,24.61,2022,b,CU17S-V168A
StayGold-E138D,,497,504,7,145000,0.87,126.15,4.6,m,14,,24.6,2023,b,mStayGold
StayRose,,530,588,58,,,,,d,,,,2024,b,SR
stylCP,,574,,,96600,,,,t,,,24.95,2008,,
stylGFP,,485,500,15,86700,0.7,60.69,,t,,,24.99,2008,b,
Sumire,,343,414,71,20000,0.7,14,,wd,,,26.29,2022,b,
superecliptic pHluorin,,488,511,23,37000,0.8,29.6,7,,,,26.94,2002,o,
Superfolder BFP,Single,380,445,65,,,,,,,,26.75,2005,b,sfBFP
Superfolder CFP,,430,479,49,,,,,wd,,,26.8,2005,b,sfCFP
Superfolder GFP,,488,510,22,83300,0.65,54.15,,wd,13.6,3.1,26.78,2005,b,sfGFP
Superfolder mTurquoise2,,434,474,40,,,,,m,,,26.85,2019,b,sfTq2
Superfolder mTurquoise2 ox,,434,474,40,,,,,m,,,26.84,2019,b,sfTq2ox
Superfolder pHluorin,,,,,,,,,,,,26.81,2018,o,
Superfolder YFP,,513,527,14,,,,,wd,,,26.84,2005,b,sfYFP
SuperNova2,SuperNova2,579,610,31,45,,,,m,,,26.56,2020,b,SN2
SuperNova Green,,440,510,70,28000,0.23,6.44,,m,,,26.34,2018,b,V44A-mKillerOrange
SuperNova Red,,579,610,31,45000,0.3,13.5,,m,,,26.35,2013,b,"monomeric KillerRed, SuperNova"
super-TagRFP,,555,579,24,113000,0.53,59.89,,m,,2.5,27.57,2020,b,stagRFP
SYFP2,,515,527,12,101000,0.68,68.68,6,m,4.1,2.9,26.88,2006,b,mVenus NB
sympFP,,,,,,,,,,,,,2009,,
TagBFP,,402,457,55,52000,0.63,32.76,2.7,m,13,2.6,26.28,2008,b,mTagBFP
TagCFP,,458,480,22,37000,0.57,21.09,4.7,m,,,26.68,2002,b,
TagGFP,,482,505,23,55000,0.6,33,5,d,18,,26.68,2008,b,
TagGFP2,,483,506,23,56500,0.6,33.9,4.7,m,11,3.2,26.87,2008,b,
TagRFP,,555,584,29,100000,0.48,48,3.8,wd,100,2.3,26.09,2007,b,
TagRFP657,,611,657,46,34000,0.1,3.4,5,m,125,,26.31,2010,b,
TagRFP658,,611,658,47,41200,0.1,4.12,4.6,m,,,26.39,2021,b,
TagRFP675,,598,675,77,46000,0.08,3.68,5.7,m,25,0.9,26.38,2013,b,
TagRFP-T,,555,584,29,81000,0.41,33.21,4.6,m,100,2.3,27.58,2008,b,
TagYFP,,508,524,16,50000,0.62,31,5.5,m,,,26.97,,b,
td5oxStayGold,,496,506,10,156000,0.93,145.08,,td,,,54.35,2023,b,
td5StayGold,,496,504,8,155000,0.91,141.05,,td,,,54.26,2023,b,
td8oxStayGold,,496,506,10,157000,0.93,146.01,,td,,,54.17,2023,b,td8oxSG
tdimer2(12),,552,579,27,120000,0.68,81.6,4.8,td,120,,52.66,2002,b,TDimer2
tdKatushka2,,588,633,45,132500,0.37,49.02,5.4,td,,,26.08,2009,b,
tdLanYFP,,512,519,7,133000,0.92,122.36,3.9,d,,2.9,52.98,2021,b,
tdoxStayGold,,496,504,8,,,,,td,,,60.87,2022,b,tdoxSG
td-RFP611,,558,609,51,70000,0.47,32.9,,d,225,,26.14,2008,b,
td-RFP639,,589,631,42,90400,0.16,14.46,,d,480,,26.17,2008,b,
TDsmURFP,,642,670,28,170000,0.18,30.6,,td,,,31.96,2016,b,"Tandem Dimer smURFP, Tandem Dimer small Ultra Red Fluorescent Protein"
tdStayGold,,496,504,8,162000,0.9,145.8,,td,,,60.78,2022,b,
tdTomato,,554,581,27,138000,0.69,95.22,4.7,td,60,,54.19,2004,b,
tdUltramarine2,,587,,,203400,0.0001,0.02,,td,,,50.78,2016,b,
TeAPCα,,,,,,,,,d,,,14.89,2016,,Alpha-allophycocyanin
Thermostable Green Protein,Excited state,493,507,14,64000,0.66,42.24,,m,1,3.1,25.42,2015,b,TGP
tKeima,,440,616,176,14500,0.22,3.19,6.5,t,,2.4,25.03,2006,b,
Topaz,,514,527,13,94500,0.6,56.7,,wd,,,26.93,1998,b,
tPapaya0.01,,,,,,,,,t,,,27.53,2013,,
TripartiteGFP,,480,514,34,,,,,,,,26.77,2013,b,
Trp-less GFP,,,,,,,,,,,,25.6,2012,,
T-Sapphire,,399,511,112,44000,0.6,26.4,4.9,wd,156.5,2.93,26.88,2003,b,
tsPurple,,,,,,,,,,,,25.55,2018,b,TinselPurple
TurboFP602,,574,602,28,74400,0.35,26.04,4.7,d,,,26.3,,b,
TurboGFP,,482,502,20,70000,0.53,37.1,5.2,d,25,,25.69,2006,b,
TurboGFP-V197L,,482,502,20,,,,,d,,,24.4,2006,b,
TurboRFP,,553,574,21,92000,0.67,61.64,4.4,d,90,,26.14,2007,b,
TurboYFP,,525,538,13,105000,0.53,55.65,5.9,d,,,26.85,2021,b,
Turquoise-GL,,434,474,40,30000,0.82,24.6,,m,,3.9,26.78,2010,b,
Ultramarine,,586,626,40,64000,0.001,0.06,,m,108,1.6,24.93,2012,b,
UnaG,,498,527,29,77300,0.51,39.42,4,,,,15.58,2013,b,
usGFP,,490,508,18,103000,0.45,46.35,,d,,,26.81,2014,b,ultra-stable GFP
V127T SAASoti,Green,509,519,10,75000,,,,m,,,25.15,2018,pc,
V127T SAASoti,Red,579,589,10,24000,,,,m,,,25.15,2018,pc,
Venus,,515,528,13,92200,0.57,52.55,6,wd,17.6,3,26.84,2002,b,SEYFP-F46L
VFP,,491,503,12,83700,1,83.7,,d,,,25.58,2010,b,
vsfGFP-0,,485,510,25,209916,0.76,159.54,4.84,d,,,38.39,2015,b,"dimeric vsfGFP, vGFP-0"
vsfGFP-9,,485,510,25,104958,0.7,73.47,4.75,m,,,39.46,2015,b,"vGFP, vsfGFP"
vsGFP,,,,,,,,,d,,,26.83,2014,,very‐stable GFP
W1C,,435,495,60,21200,0.39,8.27,,d,,,26.82,1998,b,
W2,,432,480,48,10000,0.71,7.1,,d,,,26.84,1996,b,
W7,,433,475,42,18000,0.67,12.06,,d,,,26.86,1996,b,
WasCFP,,494,505,11,51000,0.85,43.35,6.9,m,,5.1,26.77,2012,b,W in anionic state CFP
Wi-Phy,,701,719,18,92991,0.047,4.37,,m,,,36.1,2011,b,Wisconsin infrared phytofluor
WiPhy2,Pr,696,719,23,,0.087,,,m,,0.78,37.14,2015,b,
Xpa,,,,,,,,,,,,,2015,pa,h41pkve6
yEGFP,,,,,,,,,,,,26.94,1997,,"yEGFP2, yEGFP3, yeast-enhanced GFP"
YFP3,,514,527,13,99000,0.76,75.24,5.79,,,,26.98,2005,b,
YGFPdp,Default,502,513,11,17300,0.7,12.11,,d,,,24.7,2017,b,"CP_YGFP ""dual-peak"""
YGFPuv,Default,398,512,114,8800,0.81,7.13,,d,,,24.71,2017,b,CP_YGFPuv
YPet,,517,530,13,104000,0.77,80.08,5.63,wd,,,26.91,2005,b,
YuzuFP,,492,511,19,61400,0.92,56.49,6.2,m,16,2.76,27.8,2025,b,sfGFP H148S
zFP538,,528,538,10,20200,0.42,8.48,,t,,,26.17,1999,b,"zYFP538, zoanYFP"
zGFP,,,,,,,,,,,,26.04,2009,,
zoan2RFP,,552,576,24,,,,,,,,26.4,2002,b,zoanRFP
zRFP,,,,,,,,,,,,25.94,2009,,
ZsGreen,,496,506,10,35600,0.63,22.43,,t,,,26.11,1999,b,"zFP506, zoanGFP"
ZsGreen1,,493,505,12,,,,,t,,,26.13,,b,
ZsYellow1,,529,539,10,20000,0.65,13,,t,,,26.14,,b,